iso3,country_name,year,start_date,start_date_accuracy,end_date,end_date_accuracy,event_name,hazard_category,hazard_category_name,hazard_sub_category,hazard_sub_category_name,hazard_type,hazard_type_name,hazard_sub_type,hazard_subtype_name,new_displacement,new_displacement_rounded,total_displacement,total_displacement_rounded,glide_numbers
#country+code,#country+name,#date+year,#date+start,#accuracy+date+start,#date+end,#accuracy+date+end,#event+name,#crisis+category+code,#crisis+category+name,#crisis+subcategory+code,#crisis+subcategory+name,#crisis+type+code,#crisis+type+name,#crisis+subtype+code,#crisis+subtype+name,#affected+idps+ind+new+disaster,,#affected+idps+ind+total+disaster,,#crisis+code
LKA,Sri Lanka,2008,2008-04-27,Day,2008-05-03,Day,Sri Lanka: Storm - 27/04/2008,2,Weather related,4,Meteorological,14,Storm,21,,33408,33000,,,
LKA,Sri Lanka,2008,2008-05-29,Day,2008-06-05,Day,Sri Lanka: Flood - 29/05/2008,2,Weather related,3,Hydrological,10,Flood,13,,400000,400000,,,
LKA,Sri Lanka,2008,2008-11-22,Day,2008-12-04,Day,Sri Lanka: Flood - 22/11/2008,2,Weather related,3,Hydrological,10,Flood,13,,85000,85000,,,
LKA,Sri Lanka,2008,2008-12-03,Day,2008-03-14,Day,Sri Lanka: Flood - 03/12/2008,2,Weather related,3,Hydrological,10,Flood,13,,7000,7000,,,
LKA,Sri Lanka,2009,2009-01-01,Month,,,Sri Lanka: Flood - 01/01/2009,2,Weather related,3,Hydrological,10,Flood,13,,60000,60000,,,
LKA,Sri Lanka,2009,2009-01-01,Month,,,Sri Lanka: Flood - 01/01/2009,2,Weather related,3,Hydrological,10,Flood,13,,302885,303000,,,
LKA,Sri Lanka,2010,2010-01-01,Month,,,Sri Lanka: Flood - 01/01/2010,2,Weather related,3,Hydrological,10,Flood,13,,375,380,,,
LKA,Sri Lanka,2010,2010-01-01,Month,,,Sri Lanka: Flood - 01/01/2010,2,Weather related,3,Hydrological,10,Flood,13,,17039,17000,,,
LKA,Sri Lanka,2010,2010-01-01,Month,,,Sri Lanka: Flood - 01/01/2010,2,Weather related,3,Hydrological,10,Flood,13,,124000,124000,,,
LKA,Sri Lanka,2011,2011-01-01,Month,,,Sri Lanka: Flood - 01/01/2011,2,Weather related,3,Hydrological,10,Flood,13,,107,110,,,
LKA,Sri Lanka,2011,2011-01-01,Month,,,Sri Lanka: Flood - 01/01/2011,2,Weather related,3,Hydrological,10,Flood,13,,320408,320000,,,
LKA,Sri Lanka,2011,2011-01-01,Month,,,Sri Lanka: Flood - 01/01/2011,2,Weather related,3,Hydrological,10,Flood,13,,362646,363000,,,
LKA,Sri Lanka,2011,2011-01-01,Month,,,Sri Lanka: Storm - 01/01/2011,2,Weather related,4,Meteorological,14,Storm,21,,1723,1700,,,
LKA,Sri Lanka,2012,2012-01-01,Month,,,Sri Lanka: Flood - 01/01/2012,2,Weather related,3,Hydrological,10,Flood,13,,2320,2300,,,
LKA,Sri Lanka,2012,2012-01-01,Month,,,Sri Lanka: Flood - 01/01/2012,2,Weather related,3,Hydrological,10,Flood,13,,70000,70000,,,
LKA,Sri Lanka,2012,2012-12-01,Month,2012-12-21,Day,Sri Lanka: Flood - 01/12/2012,2,Weather related,3,Hydrological,10,Flood,13,,56772,57000,,,
LKA,Sri Lanka,2013,2013-01-05,Day,2013-01-11,Day,Sri lanka january flood,2,Weather related,3,Hydrological,10,Flood,13,,189090,189000,,,
LKA,Sri Lanka,2013,2013-02-13,Day,2013-02-15,Day,Mullaitivu flood,2,Weather related,3,Hydrological,10,Flood,13,,14251,14000,,,
LKA,Sri Lanka,2013,2013-03-07,Day,2013-03-07,Day,Sri Lanka: Wildfire - 07/03/2013,2,Weather related,2,Climatological,9,Wildfire,11,,20,20,,,
LKA,Sri Lanka,2013,2013-05-13,Day,2013-05-13,Day,Sri lanka landslide,2,Weather related,3,Hydrological,11,Mass Movement,15,,81,81,,,
LKA,Sri Lanka,2013,2013-05-13,Day,2013-05-15,Day,Cyclone mahasen,2,Weather related,4,Meteorological,14,Storm,21,,115000,115000,,,
LKA,Sri Lanka,2013,2013-05-24,Day,2013-05-24,Day,Sri lanka landslide,2,Weather related,3,Hydrological,11,Mass Movement,15,,78,78,,,
LKA,Sri Lanka,2013,2013-06-02,Day,2013-06-02,Day,Sri lanka flooding,2,Weather related,3,Hydrological,10,Flood,13,,75,75,,,
LKA,Sri Lanka,2013,2013-06-08,Day,2013-06-08,Day,Sri Lanka: Storm - 08/06/2013,2,Weather related,4,Meteorological,14,Storm,21,,1953,2000,,,
LKA,Sri Lanka,2013,2013-07-01,Day,2013-07-10,Day,Sri Lanka: Storm - 01/07/2013,2,Weather related,4,Meteorological,14,Storm,21,,443,440,,,
LKA,Sri Lanka,2013,2013-08-05,Day,2013-08-05,Day,Sri Lanka: Flood - 05/08/2013,2,Weather related,3,Hydrological,10,Flood,13,,2972,3000,,,
LKA,Sri Lanka,2013,2013-08-31,Day,2013-08-31,Day,Sri Lanka: Storm - 31/08/2013,2,Weather related,4,Meteorological,14,Storm,21,,64,64,,,
LKA,Sri Lanka,2013,2013-09-10,Day,2013-09-10,Day,Sri Lanka: Flood - 10/09/2013,2,Weather related,3,Hydrological,10,Flood,13,,47,47,,,
LKA,Sri Lanka,2013,2013-10-04,Day,2013-10-04,Day,Sri Lanka: Wildfire - 04/10/2013,2,Weather related,2,Climatological,9,Wildfire,11,,122,120,,,
LKA,Sri Lanka,2013,2013-11-21,Day,2013-11-21,Day,Sri Lanka: Wildfire - 21/11/2013,2,Weather related,2,Climatological,9,Wildfire,11,,19,19,,,
LKA,Sri Lanka,2013,2013-12-15,Day,2013-12-15,Day,Sri Lanka: Flood - 15/12/2013,2,Weather related,3,Hydrological,10,Flood,13,,21,21,,,
LKA,Sri Lanka,2014,2014-01-16,Day,2014-01-01,Month,Aralaganwila flood,2,Weather related,3,Hydrological,10,Flood,13,,100,100,,,
LKA,Sri Lanka,2014,2014-06-07,Day,2014-06-01,Month,Flood in the sabaragamuwa and western provinces,2,Weather related,3,Hydrological,10,Flood,13,,26000,26000,,,
LKA,Sri Lanka,2014,2014-10-29,Day,2014-10-29,Day,Koslanda landslide,2,Weather related,3,Hydrological,11,Mass Movement,15,,5700,5700,,,
LKA,Sri Lanka,2014,2014-12-01,Day,2014-12-01,Month,Monsoon causing floods in the north-east,2,Weather related,3,Hydrological,10,Flood,13,,120000,120000,,,
LKA,Sri Lanka,2015,2015-02-11,Day,2015-02-11,Day,Sri lanka landslides and flood (feb),2,Weather related,3,Hydrological,10,Flood,13,,172,170,,,
LKA,Sri Lanka,2015,2015-04-26,Day,2015-04-29,Day,Sri lanka floods (april),2,Weather related,3,Hydrological,10,Flood,13,,135,140,,,
LKA,Sri Lanka,2015,2015-09-25,Day,2015-09-29,Day,Sri lanka landslides and flood (september),2,Weather related,3,Hydrological,10,Flood,13,,948,950,,,
LKA,Sri Lanka,2015,2015-10-12,Day,2015-10-24,Day,Sri lanka floods (october),2,Weather related,3,Hydrological,10,Flood,13,,307,310,,,
LKA,Sri Lanka,2015,2015-11-13,Day,2015-11-17,Day,Sri lanka floods (nov),2,Weather related,3,Hydrological,10,Flood,13,,64000,64000,,,
LKA,Sri Lanka,2016,2016-01-05,Day,2016-01-07,Day,"Sri Lanka: Storms - eastern, central and northern provinces - 05/01/2016",2,Weather related,4,Meteorological,14,Storm,21,,200,200,,,
LKA,Sri Lanka,2016,2016-05-17,Day,2016-05-23,Day,Bangladesh; Sri Lanka: Tropical cyclone Roanu - 17/05/2016,2,Weather related,4,Meteorological,14,Storm,24,,500000,500000,,,
LKA,Sri Lanka,2017,2017-04-14,Day,2017-04-14,Day,Colombo Garbage Dump Collapse,2,Weather related,3,Hydrological,11,Mass Movement,15,,625,620,,,
LKA,Sri Lanka,2017,2017-05-07,Week,2017-05-07,Week,Matale storms,2,Weather related,4,Meteorological,14,Storm,21,,227,230,,,
LKA,Sri Lanka,2017,2017-05-25,Week,2017-10-13,Week,Sri Lanka: Southwest monsoon - May 2017,2,Weather related,3,Hydrological,10,Flood,13,,126733,127000,,,FL-2017-000057-LKA
LKA,Sri Lanka,2017,2017-08-26,Day,2017-08-26,Day,Sri Lanka: Eastern Province Fire - 26/08/2017,2,Weather related,2,Climatological,9,Wildfire,11,,60,60,,,
LKA,Sri Lanka,2017,2017-10-17,Day,2017-10-17,Day,Sri Lanka: Fire - Central Province- 17/10/2017,2,Weather related,2,Climatological,9,Wildfire,11,,10,10,,,
LKA,Sri Lanka,2017,2017-11-02,Day,2018-03-01,Week,Sri Lanka: Northeastern Monsoon - November 2017,2,Weather related,3,Hydrological,10,Flood,13,,4113,4100,,,
LKA,Sri Lanka,2017,2017-11-29,Day,2017-12-03,Week,Sri Lanka: Tropical Storm - 7 districts - 29/11/2017,2,Weather related,4,Meteorological,14,Storm,24,,3270,3300,,,TC-2017-000172-LKA
LKA,Sri Lanka,2018,2018-01-30,Day,2018-02-09,Day,Sri Lanka: Flood and landslide - Central Province - 30/01/2018,2,Weather related,3,Hydrological,11,Mass Movement,15,,371,370,,,
LKA,Sri Lanka,2018,2018-02-25,Day,2018-03-02,Day,Sri Lanka: flood - Eastern province - 25/02/2018,2,Weather related,3,Hydrological,10,Flood,13,,9,9,,,
LKA,Sri Lanka,2018,2018-02-27,Day,2018-03-18,Day,Sri Lanka: flood - Sabaragamuwa province - 27/02/2018,2,Weather related,4,Meteorological,14,Storm,21,,292,290,,,
LKA,Sri Lanka,2018,2018-02-28,Day,2018-03-02,Day,Sri Lanka: Heavy rains and high winds - Eastern province - 28/02/2018,2,Weather related,4,Meteorological,14,Storm,21,,1743,1700,,,
LKA,Sri Lanka,2018,2018-04-08,Day,2018-04-22,Day,Sri Lanka: Flash flood - Central province - 08/04/2018,2,Weather related,3,Hydrological,10,Flood,13,,11,11,,,
LKA,Sri Lanka,2018,2018-04-26,Day,2018-05-01,Day,Sri Lanka: rock rolling - Central province - 26/04/2018,1,Geophysical,1,Geophysical,2,Mass Movement,3,,9,9,,,
LKA,Sri Lanka,2018,2018-04-27,Day,2018-05-05,Day,Sri Lanka: high winds - North Central province - 27/04/2018,2,Weather related,4,Meteorological,14,Storm,21,,13,13,,,
LKA,Sri Lanka,2018,2018-05-02,Day,2018-05-02,Day,Sri Lanka: Storm - Oddusudan - 02/05/2018,2,Weather related,4,Meteorological,14,Storm,21,,18,18,,,
LKA,Sri Lanka,2018,2018-05-07,Day,2018-05-07,Day,Sri Lanka: Landslide - Haputhale - 07/05/2018,2,Weather related,3,Hydrological,11,Mass Movement,15,,207,210,,,
LKA,Sri Lanka,2018,2018-05-12,Day,2018-05-12,Day,Sri Lanka: Rock fall - Ehaliyagoda - 12/05/2018,1,Geophysical,1,Geophysical,2,Mass Movement,3,,30,30,,,
LKA,Sri Lanka,2018,2018-05-13,Day,2018-05-13,Day,Sri Lanka: Tre fall [storm] - Kegalle - 13/05/2018,2,Weather related,4,Meteorological,14,Storm,21,,39,39,,,
LKA,Sri Lanka,2018,2018-05-18,Week,2018-05-31,Month,Sri Lanka: Southwest monsoon - 18/05/2018,2,Weather related,3,Hydrological,10,Flood,13,,75013,75000,,,FL-2018-000060-LKA 
LKA,Sri Lanka,2018,2018-06-07,Day,2018-06-07,Day,Sri Lanka: Storm - Galle - 07/06/2018,2,Weather related,4,Meteorological,14,Storm,21,,7,7,,,
LKA,Sri Lanka,2018,2018-06-07,Day,2018-06-07,Day,Sri Lanka: Storm - Pallepola; Matale - 07/06/2018,2,Weather related,4,Meteorological,14,Storm,21,,4,4,,,
LKA,Sri Lanka,2018,2018-06-08,Day,2018-06-14,Day,Sri Lanka: Storm - Jaffna - 08/06/2018,2,Weather related,4,Meteorological,14,Storm,21,,11,11,,,
LKA,Sri Lanka,2018,2018-06-09,Day,2018-06-09,Day,Sri Lanka: Storm - Killinochchi; Pachchilaipallai - 09/06/2018,2,Weather related,4,Meteorological,14,Storm,21,,54,54,,,
LKA,Sri Lanka,2018,2018-06-09,Day,2018-06-12,Day,Sri Lanka: Storm - Vavuniya; Vengalacheddikulam - 09/06/2018,2,Weather related,4,Meteorological,14,Storm,21,,14,14,,,
LKA,Sri Lanka,2018,2018-06-10,Day,2018-06-11,Day,Sri Lanka: Storm - Kurunegala - 10/06/2018,2,Weather related,4,Meteorological,14,Storm,21,,35,35,,,
LKA,Sri Lanka,2018,2018-06-11,Day,2018-06-11,Day,Sri Lanka: Storm - Balangoda; Opanayaka; Rathnapura - 11/06/2018,2,Weather related,4,Meteorological,14,Storm,21,,81,81,,,
LKA,Sri Lanka,2018,2018-06-17,Day,2018-06-17,Day,Sri Lanka: Storm - Ampara - 17/06/2018,2,Weather related,4,Meteorological,14,Storm,21,,53,53,,,
LKA,Sri Lanka,2018,2018-07-02,Day,2018-07-02,Day,Sri Lanka: Storm - Koralaipattu North; Batticaloa - 02/07/2018,2,Weather related,4,Meteorological,14,Storm,21,,95,95,,,
LKA,Sri Lanka,2018,2018-07-08,Day,2018-07-08,Day,Sri Lanka: Storm - Nagoda; Galle - 08/07/2018,2,Weather related,4,Meteorological,14,Storm,21,,7,7,,,
LKA,Sri Lanka,2018,2018-07-11,Day,2018-07-11,Day,Sri Lanka: Storm - Colombo - 11/07/2018,2,Weather related,4,Meteorological,14,Storm,21,,39,39,,,
LKA,Sri Lanka,2018,2018-08-02,Day,2018-08-02,Day,Sri Lanka: Storm - Samanthurai; Ampara - 02/08/2018,2,Weather related,4,Meteorological,14,Storm,21,,46,46,,,
LKA,Sri Lanka,2018,2018-08-13,Day,2018-08-14,Week,Sri Lanka: Landslide risk - Ambagamuwa; Nuwara Eliya; Nuwara Eliya - 13/08/2018,2,Weather related,3,Hydrological,11,Mass Movement,15,,472,470,,,
LKA,Sri Lanka,2018,2018-08-13,Day,2018-08-24,Week,Sri Lanka: Storms - Jaffna; Killinochchi; Mulaitivu; Kurunegala; Kegalle; Rathnapura; Kalutara; Gampaha - 13/08/2018,2,Weather related,4,Meteorological,14,Storm,21,,95,95,,,
LKA,Sri Lanka,2018,2018-08-14,Day,2018-08-15,Day,Sri Lanka: Storm; Landslide risk - Kandy - 14/08/2018,2,Weather related,4,Meteorological,14,Storm,21,,46,46,,,
LKA,Sri Lanka,2018,2018-09-06,Day,2018-09-06,Day,Sri Lanka: Storm - Koralaipattu North; Batticaloa; Eastern - 06/09/2018,2,Weather related,4,Meteorological,14,Storm,21,,4,4,,,
LKA,Sri Lanka,2018,2018-09-10,Day,2018-09-10,Day,Sri Lanka: Storm - Kahatagasdigiliya; Anuradhapura - 10/09/2018,2,Weather related,4,Meteorological,14,Storm,21,,14,14,,,
LKA,Sri Lanka,2018,2018-09-23,Day,2018-09-23,Day,Sri Lanka: Storm - Vavuniya; Anuradhapura; Hambantota; Kegalle; Rathnapura - 21/09/2018 ,2,Weather related,4,Meteorological,14,Storm,21,,14,14,,,
LKA,Sri Lanka,2018,2018-09-25,Day,2018-09-25,Day,Sri Lanka: Flash flood - Jayawardhanapura; Colombo - 25/09/2018,2,Weather related,3,Hydrological,10,Flood,13,,140,140,,,
LKA,Sri Lanka,2018,2018-09-27,Day,2018-09-27,Day,Sri Lanka: Storm - Kurunegala; Kurunegala - 27/09/2018,2,Weather related,4,Meteorological,14,Storm,21,,4,4,,,
LKA,Sri Lanka,2018,2018-09-28,Day,2018-10-01,Day,Sri Lanka: Storms - Kegalle; Galle; Hambantota; Kandy; Batticaloa; Puttalam; Kurunegala - 28/09/2018,2,Weather related,4,Meteorological,14,Storm,21,,11,11,,,
LKA,Sri Lanka,2018,2018-09-29,Day,2018-09-30,Week,Sri Lanka: Flood - Akurana; Kandy - 29/09/2018,2,Weather related,3,Hydrological,10,Flood,13,,83,83,,,
LKA,Sri Lanka,2018,2018-10-03,Day,2018-10-03,Week,Sri Lanka: Landslide risk - Nuwara Eliya; Nuwara Eliya - 03/10/2018,2,Weather related,3,Hydrological,11,Mass Movement,15,,58,58,,,
LKA,Sri Lanka,2018,2018-10-06,Day,2018-10-08,Week,Sri Lanka: Flood - Colombo; Kalutara; Galle; Gampaha; Mannar; Kandy - 06/10/2018,2,Weather related,3,Hydrological,10,Flood,13,,15842,16000,,,
LKA,Sri Lanka,2018,2018-10-08,Day,2018-10-08,Day,Sri Lanka: Storm - Haldummulle; Badulla - 08/10/2018,2,Weather related,4,Meteorological,14,Storm,21,,29,29,,,
LKA,Sri Lanka,2018,2018-10-10,Day,2018-10-10,Day,Sri lanka: Storm - Mallawapitiya; Kurunegala - 10/10/2018,2,Weather related,4,Meteorological,14,Storm,21,,4,4,,,
LKA,Sri Lanka,2018,2018-10-11,Day,2018-10-11,Day,Sri Lanka: Storm - Ratthota; Matale - 11/10/2109,2,Weather related,4,Meteorological,14,Storm,21,,4,4,,,
LKA,Sri Lanka,2018,2018-10-13,Day,2018-10-13,Day,Sri Lanka: Landslide - Delthota; Kandy - 13/10/2018,2,Weather related,3,Hydrological,11,Mass Movement,15,,20,20,,,
LKA,Sri Lanka,2018,2018-10-13,Day,2018-10-13,Week,Sri Lanka: Landslide risk - Pathahewahata; Kandy - 13/10/2018,2,Weather related,3,Hydrological,11,Mass Movement,15,,55,55,,,
LKA,Sri Lanka,2018,2018-10-15,Day,2018-10-15,Day,Sri Lanka: Landslide - Ambagamuwa; Nuwara Eliya - 15/10/2018,2,Weather related,3,Hydrological,11,Mass Movement,15,,15,15,,,
LKA,Sri Lanka,2018,2018-10-20,Day,2018-10-21,Day,Sri Lanka: Storm - Nuwara Eliya; Matale; Kandy; Kegalle - 20/10/2018,2,Weather related,4,Meteorological,14,Storm,21,,30,30,,,
LKA,Sri Lanka,2018,2018-10-21,Day,2018-10-21,Day,Sri Lanka: Landslide - Haguranketha; Nuwara Eliya - 21/10/2018,2,Weather related,3,Hydrological,11,Mass Movement,15,,14,14,,,
LKA,Sri Lanka,2018,2018-10-21,Day,2018-10-21,Week,Sri Lanka: Landslide risk - Panvila; Kandy - 21/10/2018,2,Weather related,3,Hydrological,11,Mass Movement,15,,120,120,,,
LKA,Sri Lanka,2018,2018-10-21,Day,2018-10-21,Day,Sri Lanka: Storm - Kurunegala; Panduwasnuwara West; Kurunegala - 21/10/2018,2,Weather related,4,Meteorological,14,Storm,21,,14,14,,,
LKA,Sri Lanka,2018,2018-10-22,Day,2018-10-22,Week,Sri Lanka: Landslide risk - Walapane; Nuwara Eliya - 22/10/2018,2,Weather related,3,Hydrological,11,Mass Movement,15,,38,38,,,
LKA,Sri Lanka,2018,2018-10-23,Day,2018-10-23,Day,Sri lanka: Storm - Bamunakotuwa; Kurunegala - 23/10/2018,2,Weather related,4,Meteorological,14,Storm,21,,7,7,,,
LKA,Sri Lanka,2018,2018-10-24,Day,2018-10-24,Day,Sri lanka: Storm - Kotawehera; Kurunegala - 24/10/2018,2,Weather related,4,Meteorological,14,Storm,21,,7,7,,,
LKA,Sri Lanka,2018,2018-10-28,Day,2018-10-28,Day,Sri Lanka: Landslide - Delthota; Kandy - 28/10/2018,2,Weather related,3,Hydrological,11,Mass Movement,15,,4,4,,,
LKA,Sri Lanka,2018,2018-10-28,Day,2018-10-28,Day,Sri Lanka: Storm - Vengalacheddikulam; Vavuniya - 28/10/2018,2,Weather related,4,Meteorological,14,Storm,21,,4,4,,,
LKA,Sri Lanka,2018,2018-11-01,Day,2018-11-01,Day,Sri Lanka: Storm - Abanganga Koralaya; Matale - 01/11/2018,2,Weather related,4,Meteorological,14,Storm,21,,4,4,,,
LKA,Sri Lanka,2018,2018-11-01,Day,2018-11-01,Day,Sri Lanka: Storm - Divulapitiya; Gampaha - 01/11/2018,2,Weather related,4,Meteorological,14,Storm,21,,4,4,,,
LKA,Sri Lanka,2018,2018-11-01,Day,2018-11-06,Day,Sri Lanka: Flood - Puttalam - 01/11/2018,2,Weather related,3,Hydrological,10,Flood,13,,210,210,,,
LKA,Sri Lanka,2018,2018-11-05,Day,2018-11-05,Day,Sri Lanka: Storm - Akurana; Kandy - 05/11/2018,2,Weather related,4,Meteorological,14,Storm,21,,4,4,,,
LKA,Sri Lanka,2018,2018-11-06,Day,2018-11-07,Day,Sri Lanka: Flood - Batticalao - 06/11/2018,2,Weather related,3,Hydrological,10,Flood,13,,2546,2500,,,
LKA,Sri Lanka,2018,2018-11-06,Day,2018-11-07,Day,Sri Lanka: Storm [cutting failure] - Udapalatha; Kandy - 06/11/2018,2,Weather related,4,Meteorological,14,Storm,21,,38,38,,,
LKA,Sri Lanka,2018,2018-11-06,Day,2018-11-08,Day,Sri Lanka: Flash flood - Trincomalee - 06/11/2018,2,Weather related,3,Hydrological,10,Flood,13,,33,33,,,
LKA,Sri Lanka,2018,2018-11-06,Day,2018-11-18,Day,Sri Lanka: Storm - Galewela; Matale - November 2018,2,Weather related,4,Meteorological,14,Storm,21,,4,4,,,
LKA,Sri Lanka,2018,2018-11-07,Day,2018-11-07,Day,Sri Lanka: Flood - Mulaitivu - 07/11/2018,2,Weather related,3,Hydrological,10,Flood,13,,383,380,,,
LKA,Sri Lanka,2018,2018-11-07,Day,2018-11-07,Day,Sri Lanka: Storm [cutting failure] - Kegalle; Kegalle - 07/11/2018,2,Weather related,4,Meteorological,14,Storm,21,,4,4,,,
LKA,Sri Lanka,2018,2018-11-08,Day,2018-11-08,Day,Sri Lanka: Flood - Killinochchi - 08/11/2018,2,Weather related,3,Hydrological,10,Flood,13,,552,550,,,
LKA,Sri Lanka,2018,2018-11-08,Day,2018-11-08,Day,Sri Lanka: Storm [cutting failure] - Hankuranketha; Nuwara Eliya - 08/11/2018,2,Weather related,4,Meteorological,14,Storm,21,,9,9,,,
LKA,Sri Lanka,2018,2018-11-09,Day,2018-11-09,Day,Sri Lanka: Rock fall - Rattota; Matale - 09/11/2018,1,Geophysical,1,Geophysical,2,Mass Movement,3,,70,70,,,
LKA,Sri Lanka,2018,2018-11-09,Day,2018-11-09,Day,Sri Lanka: Storm - Mannar - 09/11/2018,2,Weather related,4,Meteorological,14,Storm,21,,110,110,,,
LKA,Sri Lanka,2018,2018-11-15,Day,2018-11-18,Day,India; Sri Lanka: Tropical Cyclone Gaja - 15/11/2018,2,Weather related,4,Meteorological,14,Storm,24,,105,100,,,TC-2018-000413-IND
LKA,Sri Lanka,2018,2018-11-17,Day,2018-11-17,Day,Sri Lanka: Storm [cutting failure] - Delthota; Kandy - 17/11/2018,2,Weather related,4,Meteorological,14,Storm,21,,19,19,,,
LKA,Sri Lanka,2018,2018-11-17,Day,2018-11-20,Day,Sri Lanka: Storm - Dimbulagala; Polonnaruwa - 17/11/2018,2,Weather related,4,Meteorological,14,Storm,21,,7,7,,,
LKA,Sri Lanka,2018,2018-11-18,Day,2018-11-18,Day,Sri Lanka: Flood [post-Gaja] - Chavakachceri; Jaffna - 18/11/2018,2,Weather related,3,Hydrological,10,Flood,13,,47,47,,,
LKA,Sri Lanka,2018,2018-11-20,Day,2018-11-20,Day,Sri Lanka: Storm [cutting failure] - Ududumbara; Kandy - 20/11/2018,2,Weather related,4,Meteorological,14,Storm,21,,4,4,,,
LKA,Sri Lanka,2018,2018-11-22,Day,2018-11-23,Week,Sri Lanka: Flood - Kurunagala; Matale - 22/11/2018,2,Weather related,3,Hydrological,10,Flood,13,,351,350,,,
LKA,Sri Lanka,2018,2018-11-23,Day,2018-11-23,Day,Sri Lanka: Storm [cutting failure] - Medadumbara; Kandy - 23/11/2018,2,Weather related,4,Meteorological,14,Storm,21,,4,4,,,
LKA,Sri Lanka,2018,2018-11-24,Day,2018-11-24,Day,Sri Lanka: Storm - Meerigama; Gampaha - 24/11/2018,2,Weather related,4,Meteorological,14,Storm,21,,4,4,,,
LKA,Sri Lanka,2018,2018-11-26,Day,2018-11-26,Day,Sri Lanka: Storm [cutting failure] - Badalkumbura; Moneragala - 26/11/2018,2,Weather related,4,Meteorological,14,Storm,21,,32,32,,,
LKA,Sri Lanka,2018,2018-12-21,Week,2018-12-25,Week,Sri Lanka: Flash flood - Mullaitivu; Killinochchi; Mannar; Matale; Vavuniya; Jaffna - 21/12/2018,2,Weather related,3,Hydrological,10,Flood,13,,13128,13000,,,FL-2018-000425-LKA
LKA,Sri Lanka,2018,2018-12-24,Day,2018-12-24,Day,Sri Lanka: Landslide - Aranayake; Kegale - 24/12/2018,2,Weather related,3,Hydrological,11,Mass Movement,15,,4,4,,,
LKA,Sri Lanka,2019,2019-01-14,Day,2019-01-14,Day,Sri Lanka: Flood - Manmunai North; Manmunai Pattu; Manmunai South West; Poratheevu Pattu; Batticaloa - 14/01/2019,2,Weather related,3,Hydrological,10,Flood,13,,110,110,3,3,
LKA,Sri Lanka,2019,2019-03-04,Day,2019-03-04,Day,Sri Lanka: Flash flood - Kadawathsathara; Galle - 04/03/2019,2,Weather related,3,Hydrological,10,Flood,13,,3,3,3,3,
LKA,Sri Lanka,2019,2019-03-18,Day,2019-03-18,Day,Sri Lanka: Landslide risk - Balangoda; Rathnapura - 18/03/2019,2,Weather related,3,Hydrological,11,Mass Movement,15,,58,58,,,
LKA,Sri Lanka,2019,2019-03-22,Day,2019-03-22,Day,Sri Lanka: Storm - Ayagama; Rathnapura - 22/03/2019,2,Weather related,4,Meteorological,14,Storm,21,,3,3,3,3,
LKA,Sri Lanka,2019,2019-04-17,Day,2019-04-17,Day,Sri Lanka: Storm - Divulapitaiya; Gampaha - 17/04/2019,2,Weather related,4,Meteorological,14,Storm,21,,21,21,21,21,
LKA,Sri Lanka,2019,2019-04-17,Day,2019-04-17,Day,Sri Lanka: Storm - Gampaha - 17/04/2019,2,Weather related,4,Meteorological,14,Storm,21,,7,7,7,7,
LKA,Sri Lanka,2019,2019-04-19,Day,2019-04-24,Day,Sri Lanka: Storm - Ipalogama; Anuradhapura - 19/04/2019,2,Weather related,4,Meteorological,14,Storm,21,,3,3,,,
LKA,Sri Lanka,2019,2019-04-20,Day,2019-04-20,Day,Sri Lanka: Storm - Dompe; Gampaha - 20/04/2019,2,Weather related,4,Meteorological,14,Storm,21,,7,7,7,7,
LKA,Sri Lanka,2019,2019-04-22,Day,2019-04-22,Day,Sri Lanka: Storm - Palindanuwara; Kalutara - 22/04/2019,2,Weather related,4,Meteorological,14,Storm,21,,3,3,3,3,
LKA,Sri Lanka,2019,2019-04-23,Day,2019-04-23,Day,Sri Lanka: Storm - Welioya; Mullaitivu - 23/04/2019,2,Weather related,4,Meteorological,14,Storm,21,,3,3,3,3,
LKA,Sri Lanka,2019,2019-04-24,Day,2019-04-24,Day,Sri Lanka: Storm - Ambagamuwa; Nuwara Eliya - 24/04/2019,2,Weather related,4,Meteorological,14,Storm,21,,97,97,97,97,
LKA,Sri Lanka,2019,2019-04-25,Day,2019-04-25,Day,Sri Lanka: Storm - Kuruwita; Ratnapura - 25/04/2019,2,Weather related,4,Meteorological,14,Storm,21,,3,3,3,3,
LKA,Sri Lanka,2019,2019-04-26,Day,2019-04-26,Day,Sri Lanka: Landslide - Balangoda; Rathnapura - 26/04/2019,2,Weather related,3,Hydrological,11,Mass Movement,15,,114,110,,,
LKA,Sri Lanka,2019,2019-04-28,Day,2019-04-30,Day,Sri Lanka: Storm - Manmunai West; Batticaloa; Kinniya; Trincomalee; Thangalla; Hambantota; Hoowupathana; Anuradhapura  - 28/04/2019,2,Weather related,4,Meteorological,14,Storm,21,,100,100,100,100,
LKA,Sri Lanka,2019,2019-05-04,Day,2019-05-05,Day,Sri Lanka: Storm - Dimbulagala; Polonnaruwa - 04/05/2019 ,2,Weather related,4,Meteorological,14,Storm,21,,14,14,14,14,
LKA,Sri Lanka,2019,2019-05-10,Day,2019-05-10,Day,Sri Lanka: Storm - Oddusudan; Mulaitivu - 10/05/2019,2,Weather related,4,Meteorological,14,Storm,21,,7,7,7,7,
LKA,Sri Lanka,2019,2019-05-21,Day,2019-05-21,Day,Sri Lanka: Storm -  Horombuwa; Moneragala - 21/05/2019,2,Weather related,4,Meteorological,14,Storm,21,,3,3,3,3,
LKA,Sri Lanka,2019,2019-05-25,Day,2019-05-25,Day,Sri Lanka: Tornado -  Padiyathalawa; Ampara - 25/05/2019,2,Weather related,4,Meteorological,14,Storm,23,,120,120,70,70,
LKA,Sri Lanka,2019,2019-05-30,Day,2019-05-30,Day,Sri Lanka: Storm - Oddusudan; Mulaitivu - 30/05/2019,2,Weather related,4,Meteorological,14,Storm,21,,3,3,3,3,
LKA,Sri Lanka,2019,2019-06-07,Day,2019-06-09,Day,Sri Lanka: Storms - Colombo; Gampaha; Mulaitivu  - 07/06/2019,2,Weather related,4,Meteorological,14,Storm,21,,10,10,10,10,
LKA,Sri Lanka,2019,2019-06-09,Day,2019-06-09,Day,Sri Lanka: Storm - Puthukudiyirippu; Mulaitivu - 09/06/2019,2,Weather related,4,Meteorological,14,Storm,21,,3,3,3,3,
LKA,Sri Lanka,2019,2019-06-11,Day,2019-06-11,Day,Sri Lanka: Storm - Hanguranketha; Kothmale; Nuwara Eliya - 11/06/2019,2,Weather related,4,Meteorological,14,Storm,21,,31,31,31,31,
LKA,Sri Lanka,2019,2019-06-11,Day,2019-06-11,Day,Sri Lanka: Storm - Hanguranketha; Nuwara Eliya - 11/06/2019,2,Weather related,4,Meteorological,14,Storm,21,,28,28,28,28,
LKA,Sri Lanka,2019,2019-06-17,Day,2019-06-17,Day,Sri Lanka: Storm - Badulla; Badulla - 17/06/2019,2,Weather related,4,Meteorological,14,Storm,21,,3,3,3,3,
LKA,Sri Lanka,2019,2019-06-22,Day,2019-07-01,Week,Sri Lanka: Landslide risk - Nuwara Eliya; Nuwara Eliya - 22/06/2019,2,Weather related,3,Hydrological,11,Mass Movement,15,,6,6,,,
LKA,Sri Lanka,2019,2019-06-24,Day,2019-06-25,Day,Sri Lanka: Storm - Siyabalanduwa; Moneragala - 24/06/2019,2,Weather related,4,Meteorological,14,Storm,21,,10,10,10,10,
LKA,Sri Lanka,2019,2019-07-11,Day,2019-07-11,Day,Sri Lanka: Storm - Anuradhapura (Kebithigollewa) - 11/07/2019,2,Weather related,4,Meteorological,14,Storm,21,,21,21,21,21,
LKA,Sri Lanka,2019,2019-07-11,Day,2019-07-11,Day,Sri Lanka: Storm - Kebithigollawa; Anuradhapura - 11/07/2019,2,Weather related,4,Meteorological,14,Storm,21,,7,7,7,7,
LKA,Sri Lanka,2019,2019-07-13,Day,2019-07-14,Day,Sri Lanka: Storm - Pathavisiri Pura; Trincomalee - 13/07/2019,2,Weather related,4,Meteorological,14,Storm,21,,7,7,7,7,
LKA,Sri Lanka,2019,2019-07-14,Day,2019-07-14,Day,Sri Lanka: Storm - Ampara (Mahaoya) - 14/07/2019,2,Weather related,4,Meteorological,14,Storm,21,,7,7,7,7,
LKA,Sri Lanka,2019,2019-07-18,Day,2019-07-18,Day,Sri Lanka: Flood - Nuwara Eliya (Ambagamuwa); Rathnapura (Pelmadulla) - 18/07/2019,2,Weather related,3,Hydrological,10,Flood,13,,265,260,3,3,
LKA,Sri Lanka,2019,2019-07-18,Day,2019-07-18,Day,"Sri Lanka: Storm - Ampara, Rathnapura, Kandy, Gampaha, Galle, Nuwara Eliya, Hambantota, Matara - 18/07/2019",2,Weather related,4,Meteorological,14,Storm,21,,133,130,28,28,
LKA,Sri Lanka,2019,2019-08-07,Day,2019-08-11,Day,"Sri Lanka: Storm - Nuwara Eliya, Kandy, Ratnapura, Kalutara, Galle, Anuradhapura - 07/08/2019",2,Weather related,4,Meteorological,14,Storm,21,,88,88,17,17,
LKA,Sri Lanka,2019,2019-08-12,Day,2019-08-12,Day,Sri Lanka: Landslide - Nuwara Eliya (Nuwaraeliya) - 12/08/2019,2,Weather related,3,Hydrological,11,Mass Movement,15,,159,160,,,
LKA,Sri Lanka,2019,2019-08-13,Day,2019-08-13,Day,"Sri Lanka: Flood - Nuwara Eliya (Ambagamuwa), Kandy (Pasbagekorale) - 13/08/2019",2,Weather related,3,Hydrological,10,Flood,13,,237,240,,,
LKA,Sri Lanka,2019,2019-08-13,Day,2019-08-13,Day,Sri Lanka: Landslide - Kandy (Pasbagekorale) - 13/08/2019,2,Weather related,3,Hydrological,11,Mass Movement,15,,4,4,,,
LKA,Sri Lanka,2019,2019-08-13,Day,2019-08-13,Day,Sri Lanka: Landslide - Nuwara Eliya (Ambagamuwa) - 13/08/2019,2,Weather related,3,Hydrological,11,Mass Movement,15,,59,59,83,83,
LKA,Sri Lanka,2019,2019-08-13,Day,2019-08-13,Day,Sri Lanka: Landslide - Nuwara Eliya (Kotmale) - 13/08/2019,2,Weather related,3,Hydrological,11,Mass Movement,15,,99,99,99,99,
LKA,Sri Lanka,2019,2019-08-13,Day,2019-08-13,Day,Sri Lanka: Landslide - Ratnapura (Rathnapura) - 13/08/2019,2,Weather related,3,Hydrological,11,Mass Movement,15,,6,6,,,
LKA,Sri Lanka,2019,2019-08-22,Day,2019-08-22,Day,Sri Lanka: Flash flood - Nuwara Eliya (Ambagamuwa) - 22/08/2019,2,Weather related,3,Hydrological,10,Flood,13,,4,4,,,
LKA,Sri Lanka,2019,2019-08-30,Day,2019-08-30,Day,Sri Lanka: Landslide - Ratnapura (Rathnapura) - 30/08/2019,2,Weather related,3,Hydrological,11,Mass Movement,15,,10,10,,,
LKA,Sri Lanka,2019,2019-08-30,Day,2019-08-31,Day,"Sri Lanka: Storm - Puttalam (Mahakubukkadawala), Kegalle (Aranayake, Rabukkana), Galle (Baddegama) - 30/08/2019",2,Weather related,4,Meteorological,14,Storm,21,,112,110,14,14,
LKA,Sri Lanka,2019,2019-09-05,Day,2019-09-05,Day,Sri Lanka: Storm - Jaffna (Kayts) - 05/09/2019,2,Weather related,4,Meteorological,14,Storm,21,,3,3,3,3,
LKA,Sri Lanka,2019,2019-09-15,Day,2019-09-16,Day,"Sri Lanka: Flash flood - Hambantota (Hambanthota), Colombo (Kotte, Thibirigasyaya), Gampaha (Kalaniya) - 15/09/2019",2,Weather related,3,Hydrological,10,Flood,13,,1232,1200,,,
LKA,Sri Lanka,2019,2019-09-15,Day,2019-09-17,Day,Sri Lanka: Storm - Gampaha - 15/09/2019,2,Weather related,4,Meteorological,14,Storm,21,,1020,1000,,,
LKA,Sri Lanka,2019,2019-09-18,Day,2019-09-18,Day,Sri Lanka: Flash flood - Kegalle (Dehovita) - 18/09/2019 ,2,Weather related,4,Meteorological,14,Storm,21,,3,3,3,3,
LKA,Sri Lanka,2019,2019-09-18,Day,2019-09-20,Day,Sri Lanka: Landslide risk - Nuwara Eliya (Ambagamuwa) - 18/09/2019 ,2,Weather related,3,Hydrological,11,Mass Movement,15,,33,33,,,
LKA,Sri Lanka,2019,2019-09-18,Day,2019-09-20,Day,Sri Lanka: Storm - Jaffna (Pointpedro) - 18/09/2019,2,Weather related,4,Meteorological,14,Storm,21,,147,150,,,
LKA,Sri Lanka,2019,2019-09-22,Day,2019-09-23,Day,"Sri Lanka: Storm - Kalutara, Matara, Nuwara Eliya - 22/09/2019",2,Weather related,4,Meteorological,14,Storm,21,,387,390,,,
LKA,Sri Lanka,2019,2019-09-23,Day,2019-09-27,Week,"Sri Lanka: Flash floods - Galle, Kalutara, Gampaha, Ratnapura, Kegalle, Matara, Colombo - 23/09/2019",2,Weather related,3,Hydrological,10,Flood,13,,44947,45000,261,260,
LKA,Sri Lanka,2019,2019-09-29,Day,2019-09-29,Day,Sri Lanka: Storm - Nuwara Eliya (Walapane) - 29/09/2019,2,Weather related,4,Meteorological,14,Storm,21,,8,8,8,8,
LKA,Sri Lanka,2019,2019-10-09,Day,2019-10-09,Day,Sri Lanka: Flood - Nuwara Eliya (Ambagamuwa) - 09/10/2019,2,Weather related,3,Hydrological,10,Flood,13,,182,180,,,
LKA,Sri Lanka,2019,2019-10-12,Day,2019-10-12,Day,Sri Lanka: Landslide - Kegalle (Kegalle) - 12/10/2019,2,Weather related,3,Hydrological,11,Mass Movement,15,,3,3,3,3,
LKA,Sri Lanka,2019,2019-10-12,Day,2019-10-13,Day,"Sri Lanka: Storm - Kandy (Doluwa), Kurunegala (Kobeigane, Wariyapola) - 12/10/2019",2,Weather related,4,Meteorological,14,Storm,21,,23,23,14,14,
LKA,Sri Lanka,2019,2019-10-14,Day,2019-10-14,Day,Sri Lanka: Storm - Rathnapura (Kolonna) - 14/10/2019,2,Weather related,4,Meteorological,14,Storm,21,,3,3,3,3,
LKA,Sri Lanka,2019,2019-10-15,Day,2019-10-15,Day,Sri Lanka: Mass movement - Kegalle (Mawanella) - 15/10/2019,1,Geophysical,1,Geophysical,2,Mass Movement,3,,3,3,3,3,
LKA,Sri Lanka,2019,2019-10-15,Day,2019-10-16,Day,"Sri Lanka: Flash flood - Kegalle (Mawanella), Puttalam (Mundalama, Naththandiya, Wennappuwa, Mahakumbukkadawala) - 15/10/2019",2,Weather related,3,Hydrological,10,Flood,13,,317,320,3,3,
LKA,Sri Lanka,2019,2019-10-15,Day,2019-10-18,Week,Sri Lanka: High Wind - Kandy (Delthota) - 15/10/2019,2,Weather related,4,Meteorological,14,Storm,21,,3,3,3,3,
LKA,Sri Lanka,2019,2019-10-17,Day,2019-10-21,Week,Sri Lanka: Storm - Kandy (Udunuwara) - 17/10/2019,2,Weather related,4,Meteorological,14,Storm,21,,3,3,3,3,
LKA,Sri Lanka,2019,2019-10-18,Day,2019-10-21,Week,Sri Lanka: Lightning - Kegalle (Kegalle) - 18/10/2019,2,Weather related,4,Meteorological,14,Storm,21,,3,3,3,3,
LKA,Sri Lanka,2019,2019-10-20,Day,2019-10-20,Week,Sri Lanka: High wind & Heavy rain - Kurunegala (Polpithigama) - 20/10/2019,2,Weather related,4,Meteorological,14,Storm,21,,3,3,3,3,
LKA,Sri Lanka,2019,2019-10-21,Day,2019-10-22,Week,Sri Lanka: Storm - Kegalle (Kegalle) - 21/10/2019,2,Weather related,4,Meteorological,14,Storm,21,,7,7,7,7,
LKA,Sri Lanka,2019,2019-10-22,Day,2019-10-23,Week,Sri Lanka: Flood - 7 provinces - 22/10/2019,2,Weather related,3,Hydrological,10,Flood,13,,1661,1700,,,
LKA,Sri Lanka,2019,2019-10-23,Day,2019-11-24,Week,Sri Lanka: Flood - Gampaha (Waththala) - 23/10/2019,2,Weather related,3,Hydrological,10,Flood,13,,3,3,,,
LKA,Sri Lanka,2019,2019-10-24,Day,2019-10-29,Week,Sri Lanka: Storm - Rathnapura (Opanayaka) - 24/10/2019,2,Weather related,4,Meteorological,14,Storm,21,,10,10,,,
LKA,Sri Lanka,2019,2019-10-25,Day,2019-10-25,Week,Sri Lanka: Flood - Mannar (Mannar Town) - 25/10/2019,2,Weather related,3,Hydrological,10,Flood,13,,195,200,195,200,
LKA,Sri Lanka,2019,2019-10-25,Day,2019-10-25,Week,Sri Lanka: Storm - Kurunegala (Mallawapitiya) - 25/10/2019,2,Weather related,4,Meteorological,14,Storm,21,,3,3,3,3,
LKA,Sri Lanka,2019,2019-10-25,Day,2019-10-30,Day,"Sri Lanka: Storm - Matara (Matara, Thihagoda) - 28/10/2019",2,Weather related,4,Meteorological,14,Storm,21,,82,82,14,14,
LKA,Sri Lanka,2019,2019-10-27,Day,2019-10-29,Week,Sri Lanka: Storm - Jaffna (Velanai) - 27/10/2019,2,Weather related,4,Meteorological,14,Storm,21,,3,3,3,3,
LKA,Sri Lanka,2019,2019-10-28,Day,2019-10-30,Week,Sri Lanka: Storm - Hambantota (5 towns) - 28/10/2019,2,Weather related,4,Meteorological,14,Storm,21,,334,330,31,31,
LKA,Sri Lanka,2019,2019-10-29,Day,2019-10-30,Week,Sri Lanka: Storm - Rathnapura (Godakawela) - 28/10/2019,2,Weather related,4,Meteorological,14,Storm,21,,3,3,3,3,
LKA,Sri Lanka,2019,2019-11-14,Day,2019-11-16,Day,Sri Lanka: Landslide risk - Moneragala(Bibila) - 14/11/2019,2,Weather related,3,Hydrological,11,Mass Movement,15,,203,200,203,200,
LKA,Sri Lanka,2019,2019-11-22,Day,2019-11-23,Day,Sri Lanka: Storm - Kalutara (Maduralewa) - 22/11/2019,2,Weather related,4,Meteorological,14,Storm,21,,3,3,3,3,
LKA,Sri Lanka,2019,2019-11-25,Day,2019-11-25,Week,Sri Lanka: Landslide - Badula (Passara) - 25/11/2019,2,Weather related,3,Hydrological,11,Mass Movement,15,,3,3,3,3,
LKA,Sri Lanka,2019,2019-11-30,Day,2019-12-06,Day,Sri Lanka: (North-east monsoon part I) Landslides triggered by floods - 7 Provinces (9 Districts) - 30/11/2019,2,Weather related,3,Hydrological,11,Mass Movement,15,,13891,14000,3149,3100,
LKA,Sri Lanka,2019,2019-12-18,Day,2020-01-23,Day,Sri Lanka: (North-east monsoon part II) Landslides and triggered by floods and heavy rain - 6 Provinces - 18/12/2019,2,Weather related,3,Hydrological,10,Flood,13,,20294,20000,,,
LKA,Sri Lanka,2020,2020-02-14,Day,2020-02-14,Day,Sri Lanka: High Wind - Uva (Badulla/Haldunmulla) - 14/02/2020,2,Weather related,4,Meteorological,14,Storm,21,,6,6,6,6,
LKA,Sri Lanka,2020,2020-04-14,Day,2020-04-15,Day,Sri Lanka: High Wind - Central (Nuwara Eliya/Ambagamuwa) - 14/04/2020,2,Weather related,4,Meteorological,14,Storm,21,,26,26,,,
LKA,Sri Lanka,2020,2020-04-15,Day,2020-04-18,Day,Sri Lanka: Storm - Sabaragamuwa (Kegalle/Dehiowita) - 15/04/2020,2,Weather related,4,Meteorological,14,Storm,21,,3,3,3,3,
LKA,Sri Lanka,2020,2020-04-18,Day,2020-04-18,Day,Sri Lanka: Storm - Sabaragamuwa (Kegalle/Warakapola) - 18/04/2020,2,Weather related,4,Meteorological,14,Storm,21,,3,3,3,3,
LKA,Sri Lanka,2020,2020-04-19,Day,2020-04-19,Day,Sri Lanka: Storm - Sabaragamuwa (Kegalle/Kegalle) - 15/04/2020,2,Weather related,4,Meteorological,14,Storm,21,,3,3,3,3,
LKA,Sri Lanka,2020,2020-04-20,Day,2020-04-21,Day,Sri Lanka: Storm - Western (Gampaha/Dompe) - 20/04/2020,2,Weather related,4,Meteorological,14,Storm,21,,3,3,3,3,
LKA,Sri Lanka,2020,2020-04-21,Day,2020-04-21,Day,Sri Lanka: Storm - Sabaragamuwa (Kegalle/Ruwanwella) - 21/04/2020,2,Weather related,4,Meteorological,14,Storm,21,,3,3,3,3,
LKA,Sri Lanka,2020,2020-04-23,Day,2020-04-23,Day,Sri Lanka: High Wind - North-Western (Kurunegala/Weerambugedara) - 23/04/2020,2,Weather related,4,Meteorological,14,Storm,21,,3,3,3,3,
LKA,Sri Lanka,2020,2020-04-30,Day,2020-04-30,Day,Sri Lanka: High Wind - North Central (Polonnaruwa/Hingurakgoda) - 30/04/2020,2,Weather related,4,Meteorological,14,Storm,21,,3,3,3,3,
LKA,Sri Lanka,2020,2020-05-04,Day,2020-05-04,Day,Sri Lanka: High Wind - North Central (Anuradhapura /Rambewa) - 04/05/2020,2,Weather related,4,Meteorological,14,Storm,21,,24,24,24,24,
LKA,Sri Lanka,2020,2020-05-06,Day,2020-05-06,Day,Sri Lanka: Heavy Rain & High Wind - Northen (Kilinochchi/Karachchi) - 06/05/2020,2,Weather related,4,Meteorological,14,Storm,21,,3,3,3,3,
LKA,Sri Lanka,2020,2020-05-15,Day,2020-05-15,Day,Sri Lanka: Flood - Sabaragamuwa (Kegalle/Galigamuwa) - 15/05/2020,2,Weather related,3,Hydrological,10,Flood,13,,24,24,24,24,
LKA,Sri Lanka,2020,2020-05-16,Day,2020-05-16,Day,Sri Lanka: Flood - Sabaragamuwa (Kegalle/Kegalle) - 16/05/2020,2,Weather related,3,Hydrological,10,Flood,13,,7,7,7,7,
LKA,Sri Lanka,2020,2020-05-17,Day,2020-05-17,Day,Sri Lanka: High Wind - Eastern (Mannar/Nanattan) - 17/05/2020,2,Weather related,3,Hydrological,10,Flood,13,,3,3,7,7,
LKA,Sri Lanka,2020,2020-05-18,Day,2020-05-18,Day,Sri Lanka: High Wind - North Central (Polonnaruwa/Dimbulagala) - 18/05/2020,2,Weather related,4,Meteorological,14,Storm,21,,7,7,,,
LKA,Sri Lanka,2020,2020-05-18,Day,2020-05-18,Day,Sri Lanka: High Wind - Northen (Killinochchi/Poonakary) - 18/05/2020,2,Weather related,3,Hydrological,10,Flood,13,,10,10,10,10,
LKA,Sri Lanka,2020,2020-05-19,Day,2020-05-19,Day,Sri Lanka: Flood - Sabaragamuwa (Rathnapura/17 DS divisions) - 19/05/2020,2,Weather related,3,Hydrological,10,Flood,13,,1031,1000,171,170,
LKA,Sri Lanka,2020,2020-05-19,Day,2020-05-19,Day,Sri Lanka: Flood - Southern (Matara/4 DS Divisions) - 19/05/2020,2,Weather related,3,Hydrological,10,Flood,13,,107,110,3,3,
LKA,Sri Lanka,2020,2020-05-19,Day,2020-05-19,Day,Sri Lanka: High Wind - Sabaragamuwa (Kegalle/Kegalle) - 19/05/2020,2,Weather related,3,Hydrological,10,Flood,13,,3,3,3,3,
LKA,Sri Lanka,2020,2020-05-19,Day,2020-05-19,Day,Sri Lanka: High Wind - Uva (Moneragala/Thanamalwila) - 19/05/2020,2,Weather related,3,Hydrological,10,Flood,13,,3,3,3,3,
LKA,Sri Lanka,2020,2020-05-20,Day,2020-05-21,Day,Sri Lanka: High Wind - Northen (Killinochchi/Poonakary) - 20/05/2020,2,Weather related,4,Meteorological,14,Storm,21,,14,14,14,14,
LKA,Sri Lanka,2020,2020-05-21,Day,2020-05-21,Day,Sri Lanka: High Wind - Northen (Jaffna/Point pedro) - 21/05/2020,2,Weather related,3,Hydrological,10,Flood,13,,3,3,3,3,
LKA,Sri Lanka,2020,2020-05-22,Day,2020-05-22,Day,Sri Lanka: High Wind - Northen (Jaffna/Uduvil) - 22/05/2020,2,Weather related,3,Hydrological,10,Flood,13,,3,3,3,3,
LKA,Sri Lanka,2020,2020-05-24,Day,2020-05-24,Day,Sri Lanka: High Wind - Sabaragamuwa (Rathnapura/Opanayaka) - 24/05/2020,2,Weather related,3,Hydrological,10,Flood,13,,3,3,3,3,
LKA,Sri Lanka,2020,2020-05-27,Day,2020-05-27,Day,Sri Lanka: Flood - Western (Colombo /Padukka) - 27/05/2020,2,Weather related,3,Hydrological,10,Flood,13,,48,48,,,
LKA,Sri Lanka,2020,2020-07-01,Day,2020-07-01,Week,Sri Lanka: Risk of Landslide - Central (Kandy/Ganga ihala korale) - 01/07/2020,2,Weather related,3,Hydrological,11,Mass Movement,15,,70,70,210,210,
LKA,Sri Lanka,2020,2020-07-08,Day,2020-07-08,Day,Sri Lanka: High Wind - North Central (Anuradhapura/NPC) - 08/07/2020,2,Weather related,4,Meteorological,14,Storm,21,,3,3,3,3,
LKA,Sri Lanka,2020,2020-07-09,Day,2020-07-09,Day,Sri Lanka: High Wind - Uva (Badulla/Haldunmulla) - 09/07/2020,2,Weather related,4,Meteorological,14,Storm,21,,3,3,3,3,
LKA,Sri Lanka,2020,2020-07-16,Day,2020-07-16,Day,Sri Lanka: High Wind - Central (Kandy/Akurana) - 16/07/2020,2,Weather related,4,Meteorological,14,Storm,21,,3,3,3,3,
LKA,Sri Lanka,2020,2020-07-20,Day,2020-07-20,Day,"Sri Lanka: High Wind - Southern (Galle/Imaduwa,Yakkalamulla) - 20/07/2020",2,Weather related,4,Meteorological,14,Storm,21,,7,7,7,7,
LKA,Sri Lanka,2020,2020-07-25,Day,2020-07-25,Day,Sri Lanka: High Wind - Western (Colombo/Rathmalana) - 25/07/2020,2,Weather related,4,Meteorological,14,Storm,21,,7,7,7,7,
LKA,Sri Lanka,2020,2020-07-29,Day,2020-07-30,Day,Sri Lanka: Storm - Sabaragamuwa (Kegalle/4 DS Divisions) - 29/07/2020,2,Weather related,4,Meteorological,14,Storm,21,,21,21,21,21,
LKA,Sri Lanka,2020,2020-08-05,Day,2020-08-05,Day,Sri Lanka: Storm - North Western (Kurunegala/Giribawa) - 05/08/2020,2,Weather related,4,Meteorological,14,Storm,21,,28,28,28,28,
LKA,Sri Lanka,2020,2020-08-05,Day,2020-08-07,Day,Sri Lanka: Storm - Central (Kandy/Gangawatakorale) - 05/08/2020,2,Weather related,4,Meteorological,14,Storm,21,,3,3,3,3,
LKA,Sri Lanka,2020,2020-08-06,Day,2020-08-06,Day,Sri Lanka: Storm - Central (Nuwara Eliya/Nuwara Eliya) - 06/08/2020,2,Weather related,4,Meteorological,14,Storm,21,,3,3,3,3,
LKA,Sri Lanka,2020,2020-08-06,Day,2020-08-06,Day,Sri Lanka: Storm - Sabaragamuwa (Rathnapura/Aranayaka) - 06/08/2020,2,Weather related,4,Meteorological,14,Storm,21,,3,3,3,3,
LKA,Sri Lanka,2020,2020-08-06,Day,2020-08-06,Day,Sri Lanka: Storm - Sabaragamuwa (Rathnapura/Eheliyagoda - 06/08/2020,2,Weather related,4,Meteorological,14,Storm,21,,43,43,52,52,
LKA,Sri Lanka,2020,2020-08-06,Day,2020-08-06,Day,"Sri Lanka: Storm - Western (Kalutara/Bulathsinghala, Bandaragama) - 06/08/2020",2,Weather related,4,Meteorological,14,Storm,21,,21,21,21,21,
LKA,Sri Lanka,2020,2020-08-31,Day,2020-08-31,Day,Sri Lanka: Storm - Northen (Vavuniya/Vavuniya Town) - 31/08/2020,2,Weather related,4,Meteorological,14,Storm,21,,17,17,17,17,
LKA,Sri Lanka,2020,2020-09-01,Day,2020-09-01,Day,Sri Lanka: Storm - Northen (Mannar/Mannar Town) - 01/09/2020,2,Weather related,4,Meteorological,14,Storm,21,,200,200,,,
LKA,Sri Lanka,2020,2020-09-02,Day,2020-09-02,Day,Sri Lanka: Storm - North Western (Puttalam/Kalpitiya) - 02/09/2020,2,Weather related,4,Meteorological,14,Storm,21,,14,14,14,14,
LKA,Sri Lanka,2020,2020-09-06,Day,2020-09-06,Day,Sri Lanka: Avalanche - Western (Kalutara/Palindanuwara) - 06/09/2020,2,Weather related,3,Hydrological,11,Mass Movement,14,,44,44,,,
LKA,Sri Lanka,2020,2020-09-06,Day,2020-09-06,Day,Sri Lanka: Storm - Sabaragamuwa (Kegalle) - 06/09/2020,2,Weather related,4,Meteorological,14,Storm,21,,7,7,7,7,
LKA,Sri Lanka,2020,2020-09-07,Day,2020-09-07,Day,Sri Lanka: Landslide - Central (Nuwara Eliya/Abagamuwa) - 07/09/2020,2,Weather related,3,Hydrological,11,Mass Movement,15,,12,12,,,
LKA,Sri Lanka,2020,2020-09-07,Day,2020-09-09,Day,"Sri Lanka: Flood - Western (Gampaha/Wattala,Mahara,Kelaniya) - 06/09/2020",2,Weather related,3,Hydrological,10,Flood,13,,1176,1200,65,65,
LKA,Sri Lanka,2020,2020-09-07,Day,2020-09-09,Day,"Sri Lanka: Storm - Western (Colombo/Kotte,Moratuwa,Kaduwela) - 07/09/2020",2,Weather related,4,Meteorological,14,Storm,21,,175,180,7,7,
LKA,Sri Lanka,2020,2020-09-09,Day,2020-09-09,Day,Sri Lanka: Flood - North Western (Puttalam /Nattandiya) - 09/09/2020,2,Weather related,3,Hydrological,10,Flood,13,,22,22,,,
LKA,Sri Lanka,2020,2020-09-18,Day,2020-09-19,Day,"Sri Lanka: Storm - Sabaragamuwa (Rathnapura/Kahawatta, Weligapola) - 18/09/2020",2,Weather related,4,Meteorological,14,Storm,21,,7,7,7,7,
LKA,Sri Lanka,2020,2020-09-18,Day,2020-09-20,Day,"Sri Lanka: Storm - Central (Kandy/Harispattuwa, Gangawata Korale) - 18/09/2020",2,Weather related,4,Meteorological,14,Storm,21,,10,10,10,10,
LKA,Sri Lanka,2020,2020-09-19,Day,2020-09-19,Day,Sri Lanka: Storm - Sabaragamuwa (Kegalle/ Galigamuwa) - 19/09/2020,2,Weather related,4,Meteorological,14,Storm,21,,3,3,3,3,
LKA,Sri Lanka,2020,2020-09-19,Day,2020-09-27,Day,"Sri Lanka: Storm - Central (Kandy/Yatinuwara, Kundasake, Panwila) - 19/09/2020",2,Weather related,4,Meteorological,14,Storm,21,,42,42,42,42,
LKA,Sri Lanka,2020,2020-10-03,Day,2020-10-03,Day,Sri Lanka: Storm - Sabaragamuwa (Kegale/Mawanelle) - 03/10/2020,2,Weather related,4,Meteorological,14,Storm,21,,3,3,3,3,
LKA,Sri Lanka,2020,2020-10-12,Day,2020-10-12,Day,Sri Lanka: Rock fall risk - Sabaragamuwa (Rathnapura/Balangoda) - 12/10/2020,1,Geophysical,1,Geophysical,2,Mass Movement,3,,56,56,,,
LKA,Sri Lanka,2020,2020-10-12,Day,2020-10-12,Day,Sri Lanka: Storm - Uva (Badula/Ella) - 12/10/2020,1,Geophysical,1,Geophysical,2,Mass Movement,3,,3,3,3,3,
LKA,Sri Lanka,2020,2020-10-14,Day,2020-10-14,Day,Sri Lanka: Storm - Central (Nuwara Eliya/Ambagamuwa) - 14/10/2020,2,Weather related,4,Meteorological,14,Storm,21,,3,3,3,3,
LKA,Sri Lanka,2020,2020-10-14,Day,2020-10-14,Day,Sri Lanka: Storm - Sabaragamuwa (Kegalle) - 14/10/2020,2,Weather related,4,Meteorological,14,Storm,21,,10,10,10,10,
LKA,Sri Lanka,2020,2020-10-14,Day,2020-10-14,Day,Sri Lanka: Storm - Western (Gampaha) - 14/10/2020,2,Weather related,4,Meteorological,14,Storm,21,,7,7,7,7,
LKA,Sri Lanka,2020,2020-11-05,Day,2020-11-05,Day,Sri Lanka: Flash flood - Sabaragamuwa (Kegalle/Ruwanwella) - 05/11/2020 ,2,Weather related,3,Hydrological,10,Flood,13,,3,3,3,3,
LKA,Sri Lanka,2020,2020-11-05,Day,2020-11-05,Day,Sri Lanka: High wind - Sabaragamuwa (Kegalle/Rambukkana) - 05/11/2020 ,2,Weather related,4,Meteorological,14,Storm,21,,3,3,3,3,
LKA,Sri Lanka,2020,2020-11-06,Day,2020-11-09,Day,Sri Lanka: Heavy rain & high wind - North Western (Puttalam/Mahawewa) - 06/11/2020 ,2,Weather related,4,Meteorological,14,Storm,21,,3,3,3,3,
LKA,Sri Lanka,2020,2020-11-11,Day,2020-11-11,Day,Sri Lanka: Heavy rain - Sabaragamuwa (Rathnapura/Weligepola) - 11/11/2020 ,2,Weather related,3,Hydrological,10,Flood,13,,3,3,3,3,
LKA,Sri Lanka,2020,2020-11-16,Day,2020-11-16,Day,Sri Lanka: Floods - Central (Nuwara Eliya/Walapane) - 16/11/2020,1,Geophysical,1,Geophysical,2,Mass Movement,3,,29,29,,,
LKA,Sri Lanka,2020,2020-11-16,Day,2020-11-16,Day,Sri Lanka: Floods - Northern Province (Jaffna/Tellippalai) - 16/11/2020,2,Weather related,3,Hydrological,10,Flood,13,,7,7,7,7,
LKA,Sri Lanka,2020,2020-11-16,Day,2020-11-16,Day,Sri Lanka: Heavy rain - Sabaragamuwa (Rathnapura/Opanayake) - 16/11/2020,2,Weather related,4,Meteorological,14,Storm,21,,3,3,,,
LKA,Sri Lanka,2020,2020-11-16,Day,2020-11-16,Day,Sri Lanka: Heavy rain - Sabaragamuwa (Rathnapura/Weligepola) - 16/11/2020,2,Weather related,3,Hydrological,10,Flood,13,,3,3,,,
LKA,Sri Lanka,2020,2020-11-19,Day,2020-11-19,Day,Sri Lanka: Heavy rain - Uva (Moneragala/Moneragala) - 19/11/2020,2,Weather related,3,Hydrological,11,Mass Movement,15,,32,32,,,
LKA,Sri Lanka,2020,2020-11-19,Day,2020-11-19,Day,Sri Lanka: Landslide risk - Uva (Badulla/Haputale) - 19/11/2020,2,Weather related,3,Hydrological,11,Mass Movement,15,,174,170,,,
LKA,Sri Lanka,2020,2020-11-25,Day,2020-11-26,Day,Sri Lanka: Flood & strong wind - Northern (Jaffna/Tellipalal) - 25/11/2020,2,Weather related,4,Meteorological,14,Storm,21,,20,20,17,17,
LKA,Sri Lanka,2020,2020-11-26,Day,2020-11-26,Day,Sri Lanka: Flood & strong wind - Northern (Jaffna/ Chavakachcheri) - 26/11/2020,2,Weather related,3,Hydrological,10,Flood,13,,3,3,3,3,
LKA,Sri Lanka,2020,2020-11-30,Day,2020-12-05,Day,"Sri Lanka, India: Tropical Cyclone Burevi - 30/11/2020",2,Weather related,4,Meteorological,14,Storm,24,,14924,15000,362,360,
LKA,Sri Lanka,2020,2020-12-02,Day,2020-12-08,Day,Sri Lanka: Floods [northeast monsoons] - Northern Province - 02/12/2020,2,Weather related,3,Hydrological,10,Flood,13,,671,670,369,370,FL-2020-000237-LKA
LKA,Sri Lanka,2020,2020-12-03,Day,2020-12-03,Day,Sri Lanka: High wind - Northern (Puttalam/ Kalpitiya) - 03/12/2020,2,Weather related,4,Meteorological,14,Storm,21,,7,7,7,7,
LKA,Sri Lanka,2020,2020-12-16,Day,2020-12-16,Day,Sri Lanka: Heavy rain - Southern (Hambanthota/ Hambanthota) - 16/12/2020,2,Weather related,3,Hydrological,10,Flood,13,,3,3,3,3,
LKA,Sri Lanka,2020,2020-12-20,Day,2020-12-20,Day,Sri Lanka: Landslide risk - Central (Nuwara Eliya/ Hanguranketha) - 20/12/2020,2,Weather related,3,Hydrological,11,Mass Movement,15,,13,13,,,
LKA,Sri Lanka,2020,2020-12-21,Day,2020-12-21,Day,Sri Lanka: Landslide risk - Central (Nuwara Eliya/ Nuwara Eliya) - 21/12/2020,2,Weather related,3,Hydrological,11,Mass Movement,15,,14,14,,,
LKA,Sri Lanka,2020,2020-12-22,Day,2020-12-22,Day,Sri Lanka: Floods - Eastern (Ampara/ Kalmunai North) - 22/12/2020,2,Weather related,3,Hydrological,10,Flood,13,,46,46,,,
LKA,Sri Lanka,2020,2020-12-22,Day,2020-12-22,Day,Sri Lanka: Heavy rain/high wind - Central (Kandy/Udunuwara) - 22/11/2020,2,Weather related,4,Meteorological,14,Storm,21,,6,6,,,
LKA,Sri Lanka,2020,2020-12-23,Day,2020-12-23,Day,Sri Lanka: Heavy rain - North Western (Trincomalee/Verugal) - 23/12/2020,2,Weather related,3,Hydrological,10,Flood,13,,10,10,10,10,
LKA,Sri Lanka,2020,2020-12-27,Day,2020-12-28,Day,"Sri Lanka: Heavy rain - North Western (Trincomalee/Verugal, Kanthale) - 27/12/2020",2,Weather related,3,Hydrological,10,Flood,13,,14,14,14,14,
LKA,Sri Lanka,2021,2021-01-05,Day,2021-01-05,Day,Sri Lanka: Floods - North Central (Polonnaruwa/Hingurakgoda) - 05/01/2021,2,Weather related,3,Hydrological,10,Flood,13,,3,3,3,3,
LKA,Sri Lanka,2021,2021-01-11,Day,2021-01-11,Day,Sri Lanka: Floods - Eastern (Batticaloa/Porathivupatthu) - 11/01/2021,2,Weather related,3,Hydrological,10,Flood,13,,267,270,0,,
LKA,Sri Lanka,2021,2021-01-11,Day,2021-01-11,Day,Sri Lanka: Floods - North Central (Anuradhapura/Madyama Nuwaragam Palatha) - 11/01/2021,2,Weather related,3,Hydrological,10,Flood,13,,7,7,0,,
LKA,Sri Lanka,2021,2021-01-11,Day,2021-01-11,Day,Sri Lanka: Floods - Northern (Jaffna/Kareinagar) - 11/01/2021,2,Weather related,3,Hydrological,10,Flood,13,,41,41,0,,
LKA,Sri Lanka,2021,2021-01-11,Day,2021-01-11,Day,Sri Lanka: Floods - Northern (Killinochchi/Kandawalai) - 11/01/2021,2,Weather related,3,Hydrological,10,Flood,13,,29,29,0,,
LKA,Sri Lanka,2021,2021-01-11,Day,2021-01-12,Day,Sri Lanka: Floods - Northern (Mennar/Manthai West) - 11/01/2021,2,Weather related,3,Hydrological,10,Flood,13,,30,30,0,,
LKA,Sri Lanka,2021,2021-01-12,Day,2021-01-12,Day,Sri Lanka: Floods - Northern (Mulaitivu/Welioya) - 12/01/2021,2,Weather related,3,Hydrological,10,Flood,13,,43,43,0,,
LKA,Sri Lanka,2021,2021-02-07,Day,2021-02-07,Day,Sri Lanka: Storm - Uva (Badulla/Haldumulla) - 07/02/2021,2,Weather related,4,Meteorological,14,Storm,21,,5,5,0,,
LKA,Sri Lanka,2021,2021-03-22,Day,2021-03-22,Day,Sri Lanka: Landslide Risk - Sabaragamuwa (Rathnapura / Balangoda) - 22/03/2021,2,Weather related,3,Hydrological,11,Mass Movement,15,,19,19,0,,
LKA,Sri Lanka,2021,2021-03-28,Day,2021-03-28,Day,Sri Lanka: Storm - North Central (Anuradhapura / Rajanganaya) - 28/03/2021,2,Weather related,4,Meteorological,14,Storm,21,,6,6,0,,
LKA,Sri Lanka,2021,2021-04-30,Day,2021-04-30,Day,Sri Lanka: Floods - Western (Colombo/Kotte) - 30/04/2021,2,Weather related,3,Hydrological,10,Flood,13,,28,28,0,,
LKA,Sri Lanka,2021,2021-05-12,Day,2021-05-14,Day,Sri Lanka: Floods [monsoon] - 4 Provinces - 12/05/2021,2,Weather related,3,Hydrological,10,Flood,13,,2036,2000,0,,FL-2021-000057-LKA
LKA,Sri Lanka,2021,2021-05-23,Day,2021-05-23,Day,Sri Lanka: Landslide Risk [monsoon] - Sabaragamuwa (Rathnapura / Elapatha) - 23/05/2021,2,Weather related,3,Hydrological,11,Mass Movement,15,,8,8,0,,
LKA,Sri Lanka,2021,2021-05-24,Day,2021-05-24,Day,Sri Lanka - Landslide Risk [monsoon] - Central (Nuwara Eliya/Nuwaraeliya) - 24/05/2021,2,Weather related,3,Hydrological,11,Mass Movement,15,,36,36,0,,
LKA,Sri Lanka,2021,2021-05-24,Day,2021-05-24,Day,Sri Lanka: Flood [monsoon] - Sabaragamuwa (Rathnapura / Rathnapura ) - 24/05/2021,2,Weather related,3,Hydrological,10,Flood,13,,84,84,0,,
LKA,Sri Lanka,2021,2021-05-25,Day,2021-05-25,Day,Sri Lanka - Flood [monsoon] - Central (Nuwara Eliya/Ambagamuwa) - 25/05/2021,2,Weather related,3,Hydrological,10,Flood,13,,103,100,0,,
LKA,Sri Lanka,2021,2021-05-26,Day,2021-05-26,Day,Sri Lanka - Landslide Risk [monsoon] - Central (Nuwara Eliya/Ambagamuwa) - 26/05/2021,2,Weather related,3,Hydrological,11,Mass Movement,15,,20,20,0,,
LKA,Sri Lanka,2021,2021-05-26,Day,2021-05-27,Day,Sri Lanka: Flood [monsoon] - Western (Gampaha/Dompe) - 26/05/2021,2,Weather related,3,Hydrological,10,Flood,13,,20,20,0,,
LKA,Sri Lanka,2021,2021-06-02,Day,2021-06-05,Day,Sri Lanka: Floods [monsoon] - 4 Provinces - 02/06/2021,2,Weather related,3,Hydrological,10,Flood,13,,50051,50000,0,,
LKA,Sri Lanka,2021,2021-07-10,Day,2021-07-12,Day,Sri Lanka: Flood [monsoon] - Sabaragamuwa (Rathnapura) - 10/07/2021,2,Weather related,3,Hydrological,10,Flood,13,,280,280,0,,
LKA,Sri Lanka,2021,2021-08-12,Day,2021-08-12,Day,Sri Lanka: Flood [monsoon] - Sabaragamuwa (Kegalle/Deraniyagala) - 12/08/2021,2,Weather related,3,Hydrological,10,Flood,13,,54,54,0,,
LKA,Sri Lanka,2021,2021-08-12,Day,2021-08-12,Day,Sri Lanka: Storm [monsoon] - Central (Kandy) - 12/08/2021,2,Weather related,4,Meteorological,14,Storm,21,,1540,1500,0,,
LKA,Sri Lanka,2021,2021-10-23,Day,2021-10-29,Day,Sri Lanka:  Central (Nuwara Eliya/Walapane) - 23/10/2021,2,Weather related,3,Hydrological,10,Flood,13,,55,55,18,18,
LKA,Sri Lanka,2021,2021-10-29,Week,2021-11-17,Week,Sri Lanka: Flood - 8 Provinces - 29/10/2021,2,Weather related,3,Hydrological,10,Flood,13,,64758,65000,12,12,FL-2021-000188-LKA
LKA,Sri Lanka,2021,2021-11-23,Day,2021-11-26,Day,"Sri Lanka: Flood - Northern (Jaffna, Mulaitivu, Mannar) - 23/11/2021",2,Weather related,3,Hydrological,10,Flood,13,,1280,1300,0,,
LKA,Sri Lanka,2021,2021-11-24,Day,2021-11-24,Day,Sri Lanka: Flood - Central (Nuwara Eliya/Walapane) - 24/11/2021,2,Weather related,3,Hydrological,10,Flood,13,,34,34,0,,
LKA,Sri Lanka,2021,2021-11-25,Day,2021-11-25,Day,Sri Lanka: Flood - North Western (Puttalam/3 Districts) - 25/11/2021,2,Weather related,3,Hydrological,10,Flood,13,,206,210,0,,
LKA,Sri Lanka,2021,2021-11-25,Day,2021-11-25,Day,Sri Lanka: Flood - Northern (Killinochchi/Pachchilaippalli) - 25/11/2021,2,Weather related,3,Hydrological,10,Flood,13,,4,4,0,,
LKA,Sri Lanka,2021,2021-11-27,Day,2021-11-27,Day,Sri Lanka: Storm - Sabaragamuwa (Kegalle /Warakapola) - 27/11/2021,2,Weather related,4,Meteorological,14,Storm,21,,54,54,0,,
LKA,Sri Lanka,2021,2021-12-03,Day,2021-12-03,Day,Sri Lanka: Rock Fall Risk - Sabaragamuwa (Rathnapura/Weligeopola) - 03/12/2021,1,Geophysical,1,Geophysical,2,Mass Movement,3,,18,18,0,,
LKA,Sri Lanka,2022,2022-02-13,Day,2022-02-15,Day,"Sri Lanka: Storm - Eastern (Trincomalee/Kinniya,Seruvila) - 13/02/2022",2,Weather related,4,Meteorological,14,Storm,21,,238,240,0,,
LKA,Sri Lanka,2022,2022-04-05,Day,2022-04-09,Day,Sri Lanka: Storm - Uva (Badulla/Passara) - 05/04/2022,2,Weather related,4,Meteorological,14,Storm,21,,21,21,0,,
LKA,Sri Lanka,2022,2022-04-09,Day,2022-04-13,Day,Sri Lanka: Wet Mass Movement - Sabaragamuwa (Rathnapura/Balangoda) - 09/04/2022,2,Weather related,3,Hydrological,11,Mass Movement,15,,12,12,0,,
LKA,Sri Lanka,2022,2022-04-10,Day,2022-04-13,Day,"Sri Lanka: Flood - Western (Colombo/Jayawardanapura,Kotte) - 10/04/2022",2,Weather related,4,Meteorological,14,Storm,21,,36,36,0,,
LKA,Sri Lanka,2022,2022-05-13,Day,2022-05-16,Day,Sri Lanka: Flood - Sabaragamuwa (Rathnapura/Rathnapura) -13/05/2022,2,Weather related,3,Hydrological,10,Flood,13,,209,210,0,,
LKA,Sri Lanka,2022,2022-05-16,Day,2022-05-20,Day,Sri Lanka: Storm [monsoon]- Northern (Mulaitivu/Puthukuduiruppu) -16/05/2022,2,Weather related,3,Hydrological,10,Flood,13,,3,3,0,,
LKA,Sri Lanka,2022,2022-05-24,Day,2022-05-26,Day,Sri Lanka: Flood [monsoon] - North Western (Puttalam/Puttalam) - 24/05/2022,2,Weather related,3,Hydrological,10,Flood,13,,420,420,0,,FL-2022-000225-LKA
LKA,Sri Lanka,2022,2022-05-31,Day,2022-05-31,Day,Sri Lanka: Storm [monsoon] - Sabaragamuwa (Rathnapura/Rathnapura) - 31/05/2022,2,Weather related,4,Meteorological,14,Storm,21,,61,61,0,,
LKA,Sri Lanka,2022,2022-05-31,Day,2022-05-31,Day,Sri Lanka: Storm [monsoon] - Western (Colombo/Jayawardhanapura) - 31/05/2022,2,Weather related,4,Meteorological,14,Storm,21,,175,180,0,,
LKA,Sri Lanka,2022,2022-07-03,Day,2022-07-03,Day,Sri Lanka: Flood [monsoon] -  Central (Kandy/Pasbagekorale) - 03/07/2022,2,Weather related,3,Hydrological,10,Flood,13,,89,89,0,,
LKA,Sri Lanka,2022,2022-08-01,Day,2022-08-01,Day,"Sri Lanka: Flood [monsoon] - Sabaragamuwa (Rathnapura/Weligapola, Rathnapura) - 01/08/2022",2,Weather related,3,Hydrological,10,Flood,13,,525,520,0,,LS-2022-000283-LKA
LKA,Sri Lanka,2022,2022-08-01,Day,2022-08-01,Day,Sri Lanka: [monsoon] Flood - Central (Kandy/Pasbagekorale) - 01/08/2022,2,Weather related,3,Hydrological,10,Flood,13,,2530,2500,0,,LS-2022-000283-LKA
LKA,Sri Lanka,2022,2022-08-01,Day,2022-08-04,Day,"Sri Lanka: Flood [monsoon]  - Central (Nuwara Eliya/Ambagamuwa, Nuwaraeliya) - 01/08/2022",2,Weather related,3,Hydrological,10,Flood,13,,332,330,0,,LS-2022-000283-LKA
LKA,Sri Lanka,2022,2022-09-05,Day,2022-09-05,Day,Sri Lanka: Flood [monsoon] - Central (Kandy/Yatinuwara) - 05/09/2022,2,Weather related,3,Hydrological,10,Flood,13,,24,24,0,,
LKA,Sri Lanka,2022,2022-09-05,Day,2022-09-05,Day,"Sri Lanka: Flood [monsoon] - North Western (Kurunegala/Pannala, Alawuwa) - 05/09/2022",2,Weather related,3,Hydrological,10,Flood,13,,81,81,0,,
LKA,Sri Lanka,2022,2022-09-05,Day,2022-09-05,Day,"Sri Lanka: Flood [monsoon] - Western (Gampaha/Meerigama,Dompe) - 05/09/2022",2,Weather related,3,Hydrological,10,Flood,13,,125,120,0,,
LKA,Sri Lanka,2022,2022-09-06,Day,2022-09-06,Day,Sri Lanka: Flood [monsoon] - North Western (Puttalam/Dankotuwa) - 06/09/2022,2,Weather related,3,Hydrological,10,Flood,13,,13,13,0,,
LKA,Sri Lanka,2022,2022-10-01,Day,2022-10-01,Day,Sri Lanka: Storm - Central (Kandy/Udunuwara) - 01/10/2022,2,Weather related,4,Meteorological,14,Storm,21,,60,60,0,,
LKA,Sri Lanka,2022,2022-10-13,Day,2022-10-23,Day,"Sri Lanka: Flood - Western Province (Gampaha,Colombo) - 13/10/2022",2,Weather related,3,Hydrological,10,Flood,13,,5592,5600,11,11,
LKA,Sri Lanka,2022,2022-10-21,Day,2022-10-25,Day,Sri Lanka: Flood - Central Province (Nuwara Eliya/Nuwara Eliya) - 21/10/2022,2,Weather related,3,Hydrological,10,Flood,13,,7,7,0,,
LKA,Sri Lanka,2022,2022-10-23,Day,2022-10-23,Day,Sri Lanka: Flood - Northern Province (Mulaitivu/Puthukudiyiruppu) - 23/10/2022,2,Weather related,3,Hydrological,10,Flood,13,,49,49,0,,
LKA,Sri Lanka,2022,2022-10-31,Day,2022-11-01,Day,"Sri Lanka: Erosion - Uva (Badulla/Ella, Passara) - 31/10/2022",2,Weather related,2,Climatological,6,Erosion,8,,70,70,0,,
LKA,Sri Lanka,2022,2022-11-04,Day,2022-11-05,Day,"Sri Lanka: Storm - Central (Matale/Pallepola, Rattota) - 04/11/2022",2,Weather related,4,Meteorological,14,Storm,21,,69,69,0,,
LKA,Sri Lanka,2022,2022-11-11,Day,2022-11-11,Day,Sri Lanka: Flood - Northern (Jaffna/Point Pedro) - 11/11/2022,2,Weather related,3,Hydrological,10,Flood,13,,46,46,0,,
LKA,Sri Lanka,2022,2022-11-13,Day,2022-11-13,Day,Sri Lanka: Flood - North Western (Puttalam/Mundalama) - 13/11/2022,2,Weather related,3,Hydrological,10,Flood,13,,18,18,0,,
LKA,Sri Lanka,2022,2022-11-27,Day,2022-11-27,Day,Sri Lanka: Landslide/Wet mass movement - Uva (Badulla/Haputale) - 27/11/2022,2,Weather related,3,Hydrological,11,Mass Movement,15,,42,42,0,,
LKA,Sri Lanka,2022,2022-12-07,Day,2022-12-08,Day,Sri Lanka: Storm - Sabaragamuwa (Rathnapura/Kolonna) - 07/12/2022,2,Weather related,4,Meteorological,14,Storm,21,,6,6,0,,
LKA,Sri Lanka,2022,2022-12-09,Day,2022-12-09,Day,Sri Lanka: Storm - Northern (Jaffna/Chankanai) - 09/12/2022,2,Weather related,4,Meteorological,14,Storm,21,,8,8,8,8,
LKA,Sri Lanka,2022,2022-12-25,Day,2022-12-30,Day,Sri Lanka: Storm - Kandy - 25/12/2022,2,Weather related,4,Meteorological,14,Storm,21,,39,39,4,4,
LKA,Sri Lanka,2023,2023-02-03,Day,2023-02-07,Week,"Sri Lanka: Erosion - Uva (Badulla, Lunugala) - 03/02/2023",2,Weather related,2,Climatological,6,Erosion,8,,12,12,12,12,
LKA,Sri Lanka,2023,2023-02-03,Day,2023-02-07,Week,"Sri Lanka: Storm - Northern Province (Kilinochchi, Kandawalai) - 03/02/2023",2,Weather related,4,Meteorological,14,Storm,21,,8,8,8,8,
LKA,Sri Lanka,2023,2023-03-01,Day,2023-03-01,Day,Sri Lanka: Storm - Galle (Kadawathsathara) - 01/03/2023,2,Weather related,4,Meteorological,14,Storm,21,,4,4,4,4,
LKA,Sri Lanka,2023,2023-03-19,Day,2023-03-19,Week,"Sri Lanka: Landslide/Wet mass movement - Uva (Badulla, Haldummulla) - 19/03/2023",2,Weather related,3,Hydrological,11,Mass Movement,15,,242,240,0,,
LKA,Sri Lanka,2023,2023-03-24,Day,2023-03-24,Week,"Sri Lanka: Storm - North Central Province (Anuradhapura, Kebitigollewa) - 24/03/2023",2,Weather related,4,Meteorological,14,Storm,21,,4,4,4,4,
LKA,Sri Lanka,2023,2023-04-01,Day,2023-04-02,Week,"Sri Lanka: Storm - Northern Province (Kilinochchi) and North Central Province (Anuradhapura, Medawachchiya) - 01/04/2023",2,Weather related,4,Meteorological,14,Storm,21,,12,12,12,12,
LKA,Sri Lanka,2023,2023-04-21,Day,2023-05-24,Day,"Sri Lanka: Storm - Central Province (Matale, Ukuwela) - 21/04/2023",2,Weather related,4,Meteorological,14,Storm,21,,4,4,4,4,
LKA,Sri Lanka,2023,2023-04-24,Day,2023-04-24,Week,"Sri Lanka: Flood - Central Province (Nuwara Eliya, Ambagamuwa) - 24/04/2023",2,Weather related,3,Hydrological,10,Flood,13,,30,30,0,,
LKA,Sri Lanka,2023,2023-04-25,Day,2023-04-26,Day,"Sri Lanka: Storm - Sabaragamuwa Province (Kegalle, Warakapola) - 25/04/2023",2,Weather related,4,Meteorological,14,Storm,21,,4,4,4,4,
LKA,Sri Lanka,2023,2023-05-04,Day,2023-05-08,Week,"Sri Lanka: Landslide/Wet mass movement - Uva (Badulla, Passara) - 04/05/2023",2,Weather related,3,Hydrological,11,Mass Movement,15,,41,41,0,,
LKA,Sri Lanka,2023,2023-05-07,Day,2023-05-09,Week,"Sri Lanka: Flood - Northern Western Province (Puttalam, Mundalama) - 07/05/2023",2,Weather related,3,Hydrological,10,Flood,13,,47,47,0,,
LKA,Sri Lanka,2023,2023-05-08,Week,2023-05-15,Week,"Bangladesh, Myanmar , India, Sri Lanka: Tropical Cyclone Mocha - 08/05/2023",2,Weather related,4,Meteorological,14,Storm,24,,20,20,20,20,
LKA,Sri Lanka,2023,2023-05-15,Day,2023-05-15,Day,Sri Lanka: Storm - Southern Province (Hambantota) - 15/05/2023,2,Weather related,4,Meteorological,14,Storm,21,,4,4,4,4,
LKA,Sri Lanka,2023,2023-07-04,Day,2023-07-04,Day,Sri Lanka: Dry mass movement - Central Province (Ambagamuwa) - 04/07/2023,1,Geophysical,1,Geophysical,2,Mass Movement,3,,46,46,0,,
LKA,Sri Lanka,2023,2023-07-04,Week,2023-07-04,Week,"Sri Lanka: Storm - Central Province (Nuwara Eliya, Ambagamuwa) - 04/07/2023",2,Weather related,4,Meteorological,14,Storm,21,,20,20,0,,
LKA,Sri Lanka,2023,2023-07-04,Day,2023-07-04,Day,Sri Lanka: Storm - North Central Province (Anuradhapura) - 04/07/2023,2,Weather related,4,Meteorological,14,Storm,21,,4,4,4,4,
LKA,Sri Lanka,2023,2023-07-04,Day,2023-07-04,Day,Sri Lanka: Storm - North Western Province (Kurunegala) - 04/07/2023,2,Weather related,4,Meteorological,14,Storm,21,,4,4,4,4,
LKA,Sri Lanka,2023,2023-07-05,Day,2023-07-05,Day,"Sri Lanka: Storm - Western Province (Gampaha, Wattala) - 05/07/2023",2,Weather related,4,Meteorological,14,Storm,21,,4,4,4,4,
LKA,Sri Lanka,2023,2023-07-05,Day,2023-07-05,Day,Sri Lanka: Storm - Western Province (Kalutara) - 05/07/2023,2,Weather related,4,Meteorological,14,Storm,21,,4,4,4,4,
LKA,Sri Lanka,2023,2023-07-09,Day,2023-07-09,Day,"Sri Lanka: Storm - Uva (Monaragala, Buttala) - 09/07/2023",2,Weather related,4,Meteorological,14,Storm,21,,8,8,8,8,
LKA,Sri Lanka,2023,2023-08-09,Day,2023-08-09,Day,Sri Lanka: Storm - North-Central (Anuradhapura) - 09/08/2023,2,Weather related,4,Meteorological,14,Storm,21,,8,8,8,8,
LKA,Sri Lanka,2023,2023-08-25,Day,2023-08-25,Day,Sri Lanka: Flood - Anuradhapura (Kebathigollawa) - 25/08/2023,2,Weather related,3,Hydrological,10,Flood,13,,4,4,4,4,
LKA,Sri Lanka,2023,2023-08-26,Day,2023-08-26,Day,Sri Lanka: Storm - Rathnapura (Balangoda) - 26/08/2023,2,Weather related,4,Meteorological,14,Storm,21,,4,4,4,4,
LKA,Sri Lanka,2023,2023-09-07,Day,2023-09-07,Day,Sri Lanka: Storm - Matara (Pitabeddara) - 07/09/2023,2,Weather related,4,Meteorological,14,Storm,21,,4,4,4,4,
LKA,Sri Lanka,2023,2023-09-22,Day,2023-09-22,Day,Sri Lanka: Flood - Galle (Welivita Divithura) - 24/09/2023,2,Weather related,3,Hydrological,10,Flood,13,,4,4,4,4,
LKA,Sri Lanka,2023,2023-09-27,Day,2023-09-29,Day,Sri Lanka: Flood - Kalutara (Bandaragama) - 27/09/2023,2,Weather related,3,Hydrological,10,Flood,13,,4,4,4,4,
LKA,Sri Lanka,2023,2023-09-27,Day,2023-10-02,Day,Sri Lanka: Flood - Rathnapura (Godakawela and Kiriella) - 27/09/2023,2,Weather related,3,Hydrological,10,Flood,13,,8,8,8,8,
LKA,Sri Lanka,2023,2023-09-27,Day,2023-10-16,Day,Sri Lanka: Flood - Rathnapura (Kolonna) - 27/09/2023,2,Weather related,3,Hydrological,10,Flood,13,,35,35,0,,
LKA,Sri Lanka,2023,2023-09-28,Day,2023-10-09,Day,Sri Lanka: Flood - Matara (7 regions) - 28/09/2023,2,Weather related,3,Hydrological,10,Flood,13,,3239,3200,0,,"FL-2023-000196-LKA,MDRLK018"
LKA,Sri Lanka,2023,2023-09-28,Day,2023-10-23,Day,Sri Lanka: Flood - Matara (Devinuwara) - 28/09/2023,2,Weather related,3,Hydrological,10,Flood,13,,21,21,0,,
LKA,Sri Lanka,2023,2023-09-29,Day,2023-10-02,Day,Sri Lanka: Flood - Kalutara (Dodangoda) - 29/09/2023,2,Weather related,3,Hydrological,10,Flood,13,,4,4,4,4,
LKA,Sri Lanka,2023,2023-09-29,Day,2023-10-05,Day,Sri Lanka: Flood - Colombo (Kolonawa) - 29/09/2023,2,Weather related,3,Hydrological,10,Flood,13,,175,180,0,,
LKA,Sri Lanka,2023,2023-09-30,Day,2023-10-02,Day,Sri Lanka: Flood - Gampaha (5 Municipalities) - 30/09/2023,2,Weather related,3,Hydrological,10,Flood,13,,1534,1500,4,4,"FL-2023-000196-LKA,MDRLK018"
LKA,Sri Lanka,2023,2023-10-02,Day,2023-10-08,Day,Sri Lanka: Flood - Galle (4 municipalities) - 02/10/2023,2,Weather related,3,Hydrological,10,Flood,13,,257,260,12,12,"FL-2023-000196-LKA,MDRLK018"
LKA,Sri Lanka,2023,2023-10-03,Day,2023-10-09,Day,Sri Lanka: Flood - Hambantota (Beiliaththa) - 03/10/2023,2,Weather related,3,Hydrological,10,Flood,13,,4,4,4,4,
LKA,Sri Lanka,2023,2023-10-06,Day,2023-10-06,Day,Sri Lanka: Landslide/Wet mass movement - Colombo (Dehiwala) - 06/10/2023,2,Weather related,3,Hydrological,11,Mass Movement,15,,21,21,0,,
LKA,Sri Lanka,2023,2023-10-06,Day,2023-10-06,Day,Sri Lanka: Storm - Kalutara (Mathugama and Kalutara) - 06/10/2023,2,Weather related,4,Meteorological,14,Storm,21,,8,8,8,8,
LKA,Sri Lanka,2023,2023-10-07,Day,2023-10-07,Day,Sri Lanka: Erosion - Colombo (Kesbewa) - 07/10/2023,2,Weather related,2,Climatological,6,Erosion,8,,4,4,4,4,
LKA,Sri Lanka,2023,2023-10-11,Day,2023-10-11,Day,Sri Lanka: Landslide/Wet mass movement - Nuwara Eliya (Kottmale) - 11/10/2023,2,Weather related,3,Hydrological,11,Mass Movement,15,,41,41,0,,
LKA,Sri Lanka,2023,2023-10-12,Day,2023-10-23,Day,Sri Lanka: Landslide/Wet mass movement - Badulla (Haputale) - 12/10/2023,2,Weather related,3,Hydrological,11,Mass Movement,15,,184,180,81,81,
LKA,Sri Lanka,2023,2023-10-13,Day,2023-10-15,Day,Sri Lanka: Erosion - Badulla (Bandarawela and Ella) - 13/10/2023,2,Weather related,2,Climatological,6,Erosion,8,,100,100,7,7,
LKA,Sri Lanka,2023,2023-10-14,Day,2023-10-14,Day,Sri Lanka: Flood - Kandy (Harispattuwa) - 14/10/2023,2,Weather related,3,Hydrological,10,Flood,13,,72,72,0,,
LKA,Sri Lanka,2023,2023-10-14,Day,2023-10-14,Day,Sri Lanka: Landslide/Wet mass movement - Badulla (Haldmulla) - 15/10/2023,2,Weather related,3,Hydrological,11,Mass Movement,15,,894,890,315,320,
LKA,Sri Lanka,2023,2023-10-22,Day,2023-10-22,Day,Sri Lanka: Flood - Anuradhapura (Palugaswewa) - 22/10/2023,2,Weather related,3,Hydrological,10,Flood,13,,4,4,4,4,
LKA,Sri Lanka,2023,2023-11-02,Day,2023-11-02,Day,Sri Lanka: Flood - Gampaha (Minuwangoda and Aththanagalla) - 02/11/2023,2,Weather related,3,Hydrological,10,Flood,13,,190,190,0,,
LKA,Sri Lanka,2023,2023-11-02,Day,2023-11-02,Day,Sri Lanka: Flood - Kandy (Udunuwara) - 02/11/2023,2,Weather related,3,Hydrological,10,Flood,13,,4,4,0,,
LKA,Sri Lanka,2023,2023-11-03,Day,2023-11-03,Day,Sri Lanka: Flood - Puttalam (Puttalam) - 03/11/2023,2,Weather related,3,Hydrological,10,Flood,13,,530,530,0,,
LKA,Sri Lanka,2023,2023-11-03,Day,2023-11-03,Day,Sri Lanka: Landslide/Wet mass movement - Moneragala (Wellawaya) - 03/11/2023,2,Weather related,3,Hydrological,11,Mass Movement,15,,17,17,0,,
LKA,Sri Lanka,2023,2023-11-04,Day,2023-11-04,Day,Sri Lanka: Flood - Gampaha (Ja Ela and Dompe) - 04/11/2023,2,Weather related,3,Hydrological,10,Flood,13,,132,130,0,,
LKA,Sri Lanka,2023,2023-11-04,Day,2023-11-08,Day,Sri Lanka: Flood - Puttalam (Wanathavilluwa and Chilaw) - 04/11/2023,2,Weather related,3,Hydrological,10,Flood,13,,48,48,0,,
LKA,Sri Lanka,2023,2023-11-05,Day,2023-11-05,Day,Sri Lanka: Dry mass movement - Kandy (Pathahewaheta) - 05/11/2023,1,Geophysical,1,Geophysical,2,Mass Movement,3,,19,19,0,,
LKA,Sri Lanka,2023,2023-11-05,,2023-11-05,,Sri Lanka: Flood - Badulla (Haldumulla) - 05/11/2023,2,Weather related,3,Hydrological,10,Flood,13,,8,8,8,8,
LKA,Sri Lanka,2023,2023-11-05,Day,2023-11-05,Day,Sri Lanka: Flood - Gampaha (Minuwangoda) - 05/11/2023,2,Weather related,3,Hydrological,10,Flood,13,,6,6,0,,
LKA,Sri Lanka,2023,2023-11-05,Day,2023-11-05,Day,Sri Lanka: Flood - Kegalle (Galigamuwa) - 05/11/2023,2,Weather related,3,Hydrological,10,Flood,13,,4,4,4,4,
LKA,Sri Lanka,2023,2023-11-06,Day,2023-11-06,Day,Sri Lanka: Flood - Matale (Ukuwela) - 06/11/2023,2,Weather related,3,Hydrological,10,Flood,13,,4,4,4,4,
LKA,Sri Lanka,2023,2023-11-06,Day,2023-11-06,Day,Sri Lanka: Flood - Puttalam (Mahawewa) - 06/11/2023,2,Weather related,3,Hydrological,10,Flood,13,,138,140,0,,
LKA,Sri Lanka,2023,2023-11-06,Day,2023-11-07,Day,Sri Lanka: Flood - Gampha (Attanagalla) - 06/11/2023,2,Weather related,3,Hydrological,10,Flood,13,,1132,1100,0,,
LKA,Sri Lanka,2023,2023-11-07,Day,2023-11-07,Day,Sri Lanka: Storm - Colombo (Kolonnawa) - 07/11/2023,2,Weather related,4,Meteorological,14,Storm,21,,30,30,0,,
LKA,Sri Lanka,2023,2023-11-08,Day,2023-11-08,Day,Sri Lanka: Flood - Gampaha (Minuwangoda) - 08/11/2023,2,Weather related,3,Hydrological,10,Flood,13,,130,130,0,,
LKA,Sri Lanka,2023,2023-11-12,Day,2023-11-12,Day,Sri Lanka: Flood - Galle (Kadawatsatara) - 12/11/2023,2,Weather related,3,Hydrological,10,Flood,13,,11,11,0,,
LKA,Sri Lanka,2023,2023-11-12,Day,2023-11-12,Day,Sri Lanka: Flood - Rathnapura (Balangonda) - 12/11/2023,2,Weather related,3,Hydrological,10,Flood,13,,4,4,4,4,
LKA,Sri Lanka,2023,2023-11-14,Day,2023-11-14,Day,Sri Lanka: Landslide/Wet mass movement - Badulla (Uwa Paranagama) - 14/11/2023,2,Weather related,3,Hydrological,11,Mass Movement,15,,146,150,0,,
LKA,Sri Lanka,2023,2023-11-14,Day,2023-11-15,Day,Sri Lanka: Flood - Jaffna (Point Pedro) - 14/11/2023,2,Weather related,3,Hydrological,10,Flood,13,,36,36,0,,
LKA,Sri Lanka,2023,2023-11-17,Day,2023-11-17,Day,Sri Lanka: Flood - Mulaitivu (Puthukidiyirippu) - 17/11/2023,2,Weather related,3,Hydrological,10,Flood,13,,10,10,0,,
LKA,Sri Lanka,2023,2023-11-18,Day,2023-11-20,Day,Sri Lanka: Flood - Kurunegala (Ambanpola) - 18/11/2023,2,Weather related,3,Hydrological,10,Flood,13,,12,12,0,,
LKA,Sri Lanka,2023,2023-11-19,Day,2023-11-20,Day,Sri Lanka: Flood - Kegalle (Kegalle) - 19/11/2023,2,Weather related,3,Hydrological,10,Flood,13,,4,4,4,4,
LKA,Sri Lanka,2023,2023-11-19,Day,2023-11-21,Day,"Sri Lanka: Landslide/Wet mass movement - Kandy (Poojapitiya, Harispaththuwa and Medadumbara) - 19/11/2023",2,Weather related,3,Hydrological,11,Mass Movement,15,,100,100,0,,
LKA,Sri Lanka,2023,2023-11-20,Day,2023-11-20,Day,Sri Lanka: Flood - Gampaha (Diulapitiya) - 20/11/2023,2,Weather related,3,Hydrological,10,Flood,13,,240,240,0,,
LKA,Sri Lanka,2023,2023-11-20,Day,2023-11-20,Day,Sri Lanka: Landslide/Wet mass movement - Badulla (Haputale) - 20/11/2023,2,Weather related,3,Hydrological,11,Mass Movement,15,,114,110,26,26,
LKA,Sri Lanka,2023,2023-11-21,Day,2023-11-21,Day,Sri Lanka: Flood - Puttalam (Wennappuwa) - 21/11/2023,2,Weather related,3,Hydrological,10,Flood,13,,23,23,0,,
LKA,Sri Lanka,2023,2023-11-23,Day,2023-11-23,Day,Sri Lanka: Flood - Badulla (Ella) - 23/11/2023,2,Weather related,3,Hydrological,10,Flood,13,,7,7,7,7,
LKA,Sri Lanka,2023,2023-11-23,Day,2023-11-23,Day,Sri Lanka: Flood - Gampaha (Aththanagalla) - 23/11/2023,2,Weather related,3,Hydrological,10,Flood,13,,1184,1200,0,,
LKA,Sri Lanka,2023,2023-11-23,Day,2023-11-23,Day,Sri Lanka: Flood - Rathnapura (Weligapola) - 23/11/2023,2,Weather related,3,Hydrological,10,Flood,13,,59,59,0,,
LKA,Sri Lanka,2023,2023-11-25,Day,2023-11-25,Day,Sri Lanka: Flood - Hambantota (Hambantota and Ambalanthota) - 25/11/2023,2,Weather related,3,Hydrological,10,Flood,13,,397,400,0,,
LKA,Sri Lanka,2023,2023-11-27,Day,2023-11-27,Day,Sri Lanka: Landslide/Wet mass movement - Badulla (Passara) - 27/11/2023,2,Weather related,3,Hydrological,11,Mass Movement,15,,219,220,0,,
LKA,Sri Lanka,2023,2023-12-03,Day,2023-12-03,Day,Sri Lanka: Flood - Anuradhapura (Horoupathana) - 03/12/2023,2,Weather related,3,Hydrological,10,Flood,13,,4,4,4,4,
LKA,Sri Lanka,2023,2023-12-03,Day,2023-12-03,Day,Sri Lanka: Flood - Rathnapura (Balangoda) - 03/12/2023,2,Weather related,3,Hydrological,10,Flood,13,,4,4,4,4,
LKA,Sri Lanka,2023,2023-12-09,Day,2023-12-09,Day,Sri Lanka: Landslide/Wet mass movement - Badulla (Haldumulla) - 09/12/2023,2,Weather related,3,Hydrological,11,Mass Movement,15,,27,27,27,27,
LKA,Sri Lanka,2023,2023-12-14,Day,2023-12-18,Day,"Sri Lanka: Flood - Mulaitvu (Oddusudan, Maritimepattu and Puthukudiyirippu) - 14/12/2023",2,Weather related,3,Hydrological,10,Flood,13,,1215,1200,0,,
LKA,Sri Lanka,2023,2023-12-15,Day,2023-12-15,Day,Sri Lanka: Landslide/Wet mass movement - Badulla (Passara) - 15/12/2023,2,Weather related,3,Hydrological,11,Mass Movement,15,,40,40,40,40,
LKA,Sri Lanka,2023,2023-12-15,Day,2023-12-16,Day,Sri Lanka: Flood - Mannar (Manthai and Madhu) - 15/12/2023,2,Weather related,3,Hydrological,10,Flood,13,,605,600,0,,
LKA,Sri Lanka,2023,2023-12-15,Day,2023-12-18,Day,Sri Lanka: Flood - Killinochchi (Kandaiwala and Karachchi) - 15/12/2023,2,Weather related,3,Hydrological,10,Flood,13,,1186,1200,0,,
LKA,Sri Lanka,2023,2023-12-16,Day,2023-12-16,Day,Sri Lanka: Flood - Anuradhapura (Thambuttegama and Galnewa) - 16/12/2023,2,Weather related,3,Hydrological,10,Flood,13,,25,25,0,,
LKA,Sri Lanka,2023,2023-12-16,Day,2023-12-16,Week,Sri Lanka: Flood - Vavuniya (Vauniya) - 16/12/2023,2,Weather related,3,Hydrological,10,Flood,13,,137,140,0,,
LKA,Sri Lanka,2023,2023-12-17,Day,2023-12-20,Day,Sri Lanka: Flood - Jaffna (Karaveddy and Chavakachcheri) - 17/12/2023,2,Weather related,3,Hydrological,10,Flood,13,,155,160,0,,
LKA,Sri Lanka,2023,2023-12-18,Day,2023-12-18,Week,Sri Lanka: Flood - Trincomalee (Town & Gravets) - 18/12/2023,2,Weather related,3,Hydrological,10,Flood,13,,175,180,0,,
LKA,Sri Lanka,2023,2023-12-19,,2023-12-19,,Sri Lanka: Flood - Rathnapura (Embilipitya) - 19/12/2023,2,Weather related,3,Hydrological,10,Flood,13,,29,29,29,29,
LKA,Sri Lanka,2023,2023-12-19,Day,2023-12-21,Day,Sri Lanka: Flood - Monergala (Medagama) - 19/12/2023,2,Weather related,3,Hydrological,10,Flood,13,,4,4,4,4,
LKA,Sri Lanka,2023,2023-12-27,Day,2023-12-30,Day,Sri Lanka: Flood - Nuwara Eliya (Haguranketha) - 27/12/2023,2,Weather related,3,Hydrological,10,Flood,13,,14,14,14,14,
LKA,Sri Lanka,2023,2023-12-27,Day,2023-12-30,Day,Sri Lanka: Flood - Nuwara Eliya (Walapane) - 27/12/2023,2,Weather related,3,Hydrological,10,Flood,13,,45,45,45,45,
LKA,Sri Lanka,2023,2023-12-27,Day,2023-12-30,Day,Sri Lanka: Landslide/Wet mass movement - Nuwara Eliya (Nuwara Eliya) - 27/12/2023,2,Weather related,3,Hydrological,11,Mass Movement,15,,28,28,28,28,
LKA,Sri Lanka,2023,2023-12-27,Day,2023-12-30,Day,Sri Lanka: Storm - Nuwara Eliya (Nuwara Eliya) - 27/12/2023,2,Weather related,4,Meteorological,14,Storm,21,,16,16,14,14,
LKA,Sri Lanka,2023,2023-12-30,,2023-12-30,,Sri Lanka: Erosion - Monargala (Monargala) - 30/12/2023,2,Weather related,2,Climatological,6,Erosion,8,,66,66,27,27,
LKA,Sri Lanka,2023,2023-12-30,Day,2023-12-31,Day,Sri Lanka: Landslide/Wet mass movement -  Badulla (Lunugala) - 30/12/2023,2,Weather related,3,Hydrological,11,Mass Movement,15,,550,550,403,400,
LKA,Sri Lanka,2023,2023-12-30,Day,2023-12-31,Day,Sri Lanka: Landslide/Wet mass movement - Badulla (Passara) - 30/12/2023,2,Weather related,3,Hydrological,11,Mass Movement,15,,92,92,79,79,
LKA,Sri Lanka,2023,2023-12-31,,2023-12-31,,Sri Lanka: Flood - Anuradhapura (Thambuttegama and Galnewawa) - 31/12/2023,2,Weather related,3,Hydrological,10,Flood,13,,21,21,21,21,
